user_id,request_id,candidate_id,event_category,event_flexibility_type,event_duration_min,has_deadline,hours_until_deadline,is_after_deadline,candidate_hour,candidate_dayofweek,is_weekend,days_delayed,candidate_slot_length_min,extra_time_margin_min,gap_before_min,gap_after_min,min_adjacent_gap_min,is_back_to_back,num_events_same_day,schedule_load_score,tired,stressed,overwhelmed,anxious,sad,intensity_word,wants_reschedule,preferred_time_block,candidate_time_block,preferred_hour_match,has_location,travel_time_from_prev_min,travel_time_to_next_min,has_travel_buffer,selected
U038,R0001,C1,meeting,semi_flexible,60,0,-1,0,15,Thu,0,0,120,60,69,59,59,0,5,0.58,0,0,0,0,0,0,1,afternoon,afternoon,1,0,0,0,1,1
U038,R0001,C2,meeting,semi_flexible,60,0,-1,0,18,Sat,1,2,150,90,103,127,103,0,5,0.536,0,0,0,0,0,0,1,afternoon,evening,0,0,0,0,1,0
U038,R0001,C3,meeting,semi_flexible,60,0,-1,0,13,Sun,1,3,105,45,129,69,69,0,2,0.309,0,0,0,0,0,0,1,afternoon,afternoon,1,0,0,0,1,0
U038,R0001,C4,meeting,semi_flexible,60,0,-1,0,13,Tue,0,5,105,45,118,144,118,0,4,0.395,0,0,0,0,0,0,1,afternoon,afternoon,1,0,0,0,1,0
U027,R0002,C1,study,semi_flexible,90,1,89,0,13,Thu,0,2,180,90,15,44,15,1,7,0.951,0,1,0,0,0,1,1,afternoon,afternoon,1,1,23,70,0,0
U027,R0002,C2,study,semi_flexible,90,1,89,1,14,Sat,1,4,90,0,111,0,0,1,7,0.945,0,1,0,0,0,1,1,afternoon,afternoon,1,1,8,73,0,0
U027,R0002,C3,study,semi_flexible,90,1,89,0,7,Fri,0,3,150,60,107,96,96,0,5,0.585,0,1,0,0,0,1,1,afternoon,morning,0,1,8,59,1,1
U027,R0002,C4,study,semi_flexible,90,1,89,1,14,Sat,1,4,105,15,144,205,144,0,3,0.238,0,1,0,0,0,1,1,afternoon,afternoon,1,1,44,72,1,0
U007,R0003,C1,chore,flexible,30,0,-1,0,12,Tue,0,5,150,120,228,178,178,0,0,0.0,0,0,1,0,0,0,1,evening,afternoon,0,1,39,27,1,0
U007,R0003,C2,chore,flexible,30,0,-1,0,9,Sun,1,3,60,30,192,102,102,0,5,0.549,0,0,1,0,0,0,1,evening,morning,0,1,55,83,1,0
U007,R0003,C3,chore,flexible,30,0,-1,0,7,Fri,0,1,90,60,126,30,30,0,6,0.756,0,0,1,0,0,0,1,evening,morning,0,1,33,57,0,0
U007,R0003,C4,chore,flexible,30,0,-1,0,20,Fri,0,1,180,150,129,87,87,0,1,0.197,0,0,1,0,0,0,1,evening,evening,1,1,13,81,0,1
U009,R0004,C1,shopping,semi_flexible,60,0,-1,0,8,Thu,0,4,120,60,157,30,30,0,6,0.744,0,1,0,0,0,1,1,morning,morning,1,1,29,88,0,0
U009,R0004,C2,shopping,semi_flexible,60,0,-1,0,7,Tue,0,2,75,15,190,42,42,0,1,0.331,0,1,0,0,0,1,1,morning,morning,1,1,20,84,0,1
U009,R0004,C3,shopping,semi_flexible,60,0,-1,0,11,Thu,0,4,150,90,22,96,22,0,5,0.642,0,1,0,0,0,1,1,morning,morning,1,1,88,27,0,0
U009,R0004,C4,shopping,semi_flexible,60,0,-1,0,18,Wed,0,3,105,45,52,78,52,0,7,0.756,0,1,0,0,0,1,1,morning,evening,0,1,26,76,0,0
U005,R0005,C1,meeting,semi_flexible,120,0,-1,0,21,Mon,0,5,135,15,186,119,119,0,3,0.262,0,0,1,1,0,0,1,morning,night,0,1,37,24,1,0
U005,R0005,C2,meeting,semi_flexible,120,0,-1,0,11,Fri,0,2,165,45,239,15,15,1,6,0.812,0,0,1,1,0,0,1,morning,morning,1,1,32,13,0,0
U005,R0005,C3,meeting,semi_flexible,120,0,-1,0,8,Thu,0,1,180,60,134,147,134,0,1,0.104,0,0,1,1,0,0,1,morning,morning,1,1,83,49,1,0
U005,R0005,C4,meeting,semi_flexible,120,0,-1,0,11,Wed,0,0,120,0,165,118,118,0,4,0.421,0,0,1,1,0,0,1,morning,morning,1,1,89,45,1,1
U022,R0006,C1,study,semi_flexible,60,1,12,1,21,Mon,0,5,75,15,94,82,82,0,6,0.608,0,1,0,0,0,0,1,afternoon,night,0,1,89,67,0,0
U022,R0006,C2,study,semi_flexible,60,1,12,0,23,Wed,0,0,180,120,111,134,111,0,3,0.36,0,1,0,0,0,0,1,afternoon,night,0,1,5,12,1,0
U022,R0006,C3,study,semi_flexible,60,1,12,0,14,Wed,0,0,90,30,106,121,106,0,3,0.315,0,1,0,0,0,0,1,afternoon,afternoon,1,1,33,21,1,1
U022,R0006,C4,study,semi_flexible,60,1,12,1,21,Thu,0,1,105,45,149,220,149,0,3,0.294,0,1,0,0,0,0,1,afternoon,night,0,1,18,73,1,0
U003,R0007,C1,personal_task,semi_flexible,60,0,-1,0,14,Mon,0,5,150,90,24,81,24,0,6,0.681,1,0,1,0,0,0,1,evening,afternoon,0,0,0,0,1,0
U003,R0007,C2,personal_task,semi_flexible,60,0,-1,0,19,Sat,1,3,60,0,0,126,0,1,4,0.713,1,0,1,0,0,0,1,evening,evening,1,0,0,0,1,0
U003,R0007,C3,personal_task,semi_flexible,60,0,-1,0,11,Sat,1,3,120,60,97,0,0,1,7,0.987,1,0,1,0,0,0,1,evening,morning,0,0,0,0,1,0
U003,R0007,C4,personal_task,semi_flexible,60,0,-1,0,14,Sun,1,4,75,15,137,137,137,0,3,0.31,1,0,1,0,0,0,1,evening,afternoon,0,0,0,0,1,1
U027,R0008,C1,study,semi_flexible,120,1,91,1,14,Mon,0,5,120,0,68,0,0,1,6,0.919,0,0,0,0,0,0,1,afternoon,afternoon,1,0,0,0,1,0
U027,R0008,C2,study,semi_flexible,120,1,91,0,7,Sat,1,3,165,45,51,96,51,0,2,0.406,0,0,0,0,0,0,1,afternoon,morning,0,0,0,0,1,0
U027,R0008,C3,study,semi_flexible,120,1,91,1,16,Sun,1,4,120,0,52,24,24,0,8,0.893,0,0,0,0,0,0,1,afternoon,afternoon,1,0,0,0,1,0
U027,R0008,C4,study,semi_flexible,120,1,91,0,23,Sat,1,3,120,0,167,184,167,0,1,0.069,0,0,0,0,0,0,1,afternoon,night,0,0,0,0,1,1
U027,R0009,C1,study,flexible,90,1,8,1,20,Sat,1,5,180,90,127,240,127,0,0,0.104,1,0,0,0,0,1,1,afternoon,evening,0,0,0,0,1,0
U027,R0009,C2,study,flexible,90,1,8,1,9,Wed,0,2,90,0,184,234,184,0,2,0.09,1,0,0,0,0,1,1,afternoon,morning,0,0,0,0,1,1
U027,R0009,C3,study,flexible,90,1,8,1,7,Tue,0,1,90,0,0,131,0,1,6,0.831,1,0,0,0,0,1,1,afternoon,morning,0,0,0,0,1,0
U027,R0009,C4,study,flexible,90,1,8,1,23,Wed,0,2,135,45,128,129,128,0,4,0.441,1,0,0,0,0,1,1,afternoon,night,0,0,0,0,1,0
U032,R0010,C1,personal_task,flexible,120,1,60,1,21,Sun,1,3,150,30,25,78,25,0,2,0.419,0,0,1,0,0,1,1,night,night,1,0,0,0,1,0
U032,R0010,C2,personal_task,flexible,120,1,60,0,22,Sat,1,2,120,0,87,94,87,0,4,0.473,0,0,1,0,0,1,1,night,night,1,0,0,0,1,1
U032,R0010,C3,personal_task,flexible,120,1,60,1,12,Sun,1,3,150,30,125,240,125,0,3,0.33,0,0,1,0,0,1,1,night,afternoon,0,0,0,0,1,0
U032,R0010,C4,personal_task,flexible,120,1,60,1,22,Sun,1,3,180,60,67,133,67,0,4,0.469,0,0,1,0,0,1,1,night,night,1,0,0,0,1,0
U021,R0011,C1,study,semi_flexible,60,1,90,0,8,Wed,0,0,180,120,64,120,64,0,5,0.519,0,1,0,0,0,1,1,evening,morning,0,1,68,35,0,0
U021,R0011,C2,study,semi_flexible,60,1,90,0,17,Fri,0,2,150,90,117,204,117,0,1,0.257,0,1,0,0,0,1,1,evening,evening,1,1,47,87,1,1
U021,R0011,C3,study,semi_flexible,60,1,90,0,18,Sat,1,3,60,0,100,205,100,0,3,0.374,0,1,0,0,0,1,1,evening,evening,1,1,3,39,1,0
U021,R0011,C4,study,semi_flexible,60,1,90,1,17,Mon,0,5,75,15,83,205,83,0,0,0.162,0,1,0,0,0,1,1,evening,evening,1,1,82,90,0,0
U024,R0012,C1,exercise,flexible,60,0,-1,0,21,Sun,1,4,105,45,53,41,41,0,4,0.517,0,0,1,0,0,1,1,evening,night,0,0,0,0,1,0
U024,R0012,C2,exercise,flexible,60,0,-1,0,17,Mon,0,5,120,60,189,180,180,0,2,0.139,0,0,1,0,0,1,1,evening,evening,1,0,0,0,1,0
U024,R0012,C3,exercise,flexible,60,0,-1,0,18,Sun,1,4,60,0,184,120,120,0,0,0.121,0,0,1,0,0,1,1,evening,evening,1,0,0,0,1,1
U024,R0012,C4,exercise,flexible,60,0,-1,0,21,Sat,1,3,105,45,114,0,0,1,5,0.736,0,0,1,0,0,1,1,evening,night,0,0,0,0,1,0
U003,R0013,C1,personal_task,flexible,60,0,-1,0,23,Mon,0,0,105,45,63,0,0,1,8,1.0,0,0,0,0,0,0,1,evening,night,0,1,6,72,0,0
U003,R0013,C2,personal_task,flexible,60,0,-1,0,16,Tue,0,1,75,15,104,0,0,1,6,0.877,0,0,0,0,0,0,1,evening,afternoon,0,1,84,33,0,0
U003,R0013,C3,personal_task,flexible,60,0,-1,0,18,Mon,0,0,150,90,9,119,9,1,6,0.848,0,0,0,0,0,0,1,evening,evening,1,1,82,21,0,0
U003,R0013,C4,personal_task,flexible,60,0,-1,0,20,Tue,0,1,180,120,120,65,65,0,5,0.563,0,0,0,0,0,0,1,evening,evening,1,1,46,55,1,1
U027,R0014,C1,chore,flexible,45,0,-1,0,16,Sun,1,3,135,90,188,59,59,0,1,0.308,0,0,0,0,0,0,1,afternoon,afternoon,1,0,0,0,1,1
U027,R0014,C2,chore,flexible,45,0,-1,0,12,Sat,1,2,45,0,64,157,64,0,3,0.449,0,0,0,0,0,0,1,afternoon,afternoon,1,0,0,0,1,0
U027,R0014,C3,chore,flexible,45,0,-1,0,15,Tue,0,5,90,45,64,15,15,1,7,0.885,0,0,0,0,0,0,1,afternoon,afternoon,1,0,0,0,1,0
U027,R0014,C4,chore,flexible,45,0,-1,0,14,Sat,1,2,75,30,36,0,0,1,7,0.959,0,0,0,0,0,0,1,afternoon,afternoon,1,0,0,0,1,0
U035,R0015,C1,exercise,semi_flexible,90,0,-1,0,11,Sat,1,4,150,60,183,222,183,0,2,0.127,0,0,0,0,0,0,0,afternoon,morning,0,0,0,0,1,1
U035,R0015,C2,exercise,semi_flexible,90,0,-1,0,14,Sat,1,4,90,0,19,21,19,0,7,0.719,0,0,0,0,0,0,0,afternoon,afternoon,1,0,0,0,1,0
U035,R0015,C3,exercise,semi_flexible,90,0,-1,0,11,Tue,0,0,135,45,111,68,68,0,3,0.427,0,0,0,0,0,0,0,afternoon,morning,0,0,0,0,1,0
U035,R0015,C4,exercise,semi_flexible,90,0,-1,0,15,Sun,1,5,180,90,160,124,124,0,3,0.351,0,0,0,0,0,0,0,afternoon,afternoon,1,0,0,0,1,0
U013,R0016,C1,shopping,flexible,45,0,-1,0,12,Thu,0,4,90,45,149,128,128,0,3,0.338,0,0,0,0,0,0,1,evening,afternoon,0,1,4,29,1,1
U013,R0016,C2,shopping,flexible,45,0,-1,0,20,Sun,1,0,60,15,80,46,46,0,0,0.293,0,0,0,0,0,0,1,evening,evening,1,1,8,51,0,0
U013,R0016,C3,shopping,flexible,45,0,-1,0,20,Thu,0,4,60,15,138,89,89,0,4,0.426,0,0,0,0,0,0,1,evening,evening,1,1,77,26,1,0
U013,R0016,C4,shopping,flexible,45,0,-1,0,23,Mon,0,1,105,60,112,0,0,1,8,1.0,0,0,0,0,0,0,1,evening,night,0,1,49,72,0,0
U021,R0017,C1,exercise,fixed,30,0,-1,0,19,Sat,1,3,120,90,143,68,68,0,2,0.355,1,0,0,0,0,1,1,evening,evening,1,1,84,1,1,1
U021,R0017,C2,exercise,fixed,30,0,-1,0,19,Sat,1,3,90,60,68,20,20,0,6,0.731,1,0,0,0,0,1,1,evening,evening,1,1,81,65,0,0
U021,R0017,C3,exercise,fixed,30,0,-1,0,18,Wed,0,0,120,90,73,134,73,0,6,0.679,1,0,0,0,0,1,1,evening,evening,1,1,77,79,0,0
U021,R0017,C4,exercise,fixed,30,0,-1,0,17,Sat,1,3,90,60,165,155,155,0,5,0.404,1,0,0,0,0,1,1,evening,evening,1,1,36,65,1,0
U040,R0018,C1,study,flexible,60,1,114,0,11,Tue,0,1,75,15,22,126,22,0,3,0.517,0,0,0,0,0,0,1,evening,morning,0,0,0,0,1,0
U040,R0018,C2,study,flexible,60,1,114,0,19,Mon,0,0,105,45,47,89,47,0,4,0.511,0,0,0,0,0,0,1,evening,evening,1,0,0,0,1,0
U040,R0018,C3,study,flexible,60,1,114,0,17,Fri,0,4,75,15,76,199,76,0,5,0.56,0,0,0,0,0,0,1,evening,evening,1,0,0,0,1,1
U040,R0018,C4,study,flexible,60,1,114,1,20,Sat,1,5,120,60,156,71,71,0,4,0.535,0,0,0,0,0,0,1,evening,evening,1,0,0,0,1,0
U013,R0019,C1,study,flexible,60,1,45,1,20,Sun,1,5,75,15,77,107,77,0,4,0.496,0,0,0,0,0,0,1,evening,evening,1,1,0,43,1,0
U013,R0019,C2,study,flexible,60,1,45,0,18,Wed,0,1,180,120,127,134,127,0,2,0.244,0,0,0,0,0,0,1,evening,evening,1,1,10,70,1,1
U013,R0019,C3,study,flexible,60,1,45,1,13,Sun,1,5,180,120,170,223,170,0,1,0.074,0,0,0,0,0,0,1,evening,afternoon,0,1,38,8,1,0
U013,R0019,C4,study,flexible,60,1,45,1,17,Sat,1,4,105,45,122,197,122,0,2,0.228,0,0,0,0,0,0,1,evening,evening,1,1,15,47,1,0
U030,R0020,C1,chore,flexible,60,1,76,0,9,Tue,0,2,150,90,27,109,27,0,6,0.779,1,0,1,0,0,1,1,evening,morning,0,1,30,22,0,0
U030,R0020,C2,chore,flexible,60,1,76,0,22,Sun,1,0,60,0,213,100,100,0,4,0.458,1,0,1,0,0,1,1,evening,night,0,1,70,75,1,0
U030,R0020,C3,chore,flexible,60,1,76,0,17,Tue,0,2,180,120,200,127,127,0,4,0.414,1,0,1,0,0,1,1,evening,evening,1,1,87,18,1,0
U030,R0020,C4,chore,flexible,60,1,76,1,17,Fri,0,5,75,15,151,191,151,0,3,0.284,1,0,1,0,0,1,1,evening,evening,1,1,83,48,1,1
U022,R0021,C1,hospital,semi_flexible,45,1,101,0,13,Mon,0,1,105,60,94,155,94,0,0,0.133,0,1,0,0,0,0,1,afternoon,afternoon,1,0,0,0,1,1
U022,R0021,C2,hospital,semi_flexible,45,1,101,0,12,Thu,0,4,135,90,158,70,70,0,3,0.384,0,1,0,0,0,0,1,afternoon,afternoon,1,0,0,0,1,0
U022,R0021,C3,hospital,semi_flexible,45,1,101,0,18,Wed,0,3,105,60,150,40,40,0,3,0.491,0,1,0,0,0,0,1,afternoon,evening,0,0,0,0,1,0
U022,R0021,C4,hospital,semi_flexible,45,1,101,1,16,Fri,0,5,165,120,48,38,38,0,7,0.811,0,1,0,0,0,0,1,afternoon,afternoon,1,0,0,0,1,0
U018,R0022,C1,personal_task,flexible,60,0,-1,0,8,Mon,0,4,60,0,115,27,27,0,5,0.709,0,0,0,0,0,0,1,morning,morning,1,1,59,14,1,0
U018,R0022,C2,personal_task,flexible,60,0,-1,0,11,Mon,0,4,120,60,139,136,136,0,1,0.18,0,0,0,0,0,0,1,morning,morning,1,1,25,61,1,0
U018,R0022,C3,personal_task,flexible,60,0,-1,0,10,Mon,0,4,105,45,0,66,0,1,7,0.927,0,0,0,0,0,0,1,morning,morning,1,1,63,5,0,0
U018,R0022,C4,personal_task,flexible,60,0,-1,0,9,Fri,0,1,120,60,140,169,140,0,0,0.115,0,0,0,0,0,0,1,morning,morning,1,1,32,40,1,1
U014,R0023,C1,shopping,flexible,60,0,-1,0,17,Sun,1,4,105,45,148,162,148,0,2,0.21,0,0,0,0,0,0,1,evening,evening,1,0,0,0,1,1
U014,R0023,C2,shopping,flexible,60,0,-1,0,18,Fri,0,2,120,60,44,76,44,0,6,0.649,0,0,0,0,0,0,1,evening,evening,1,0,0,0,1,0
U014,R0023,C3,shopping,flexible,60,0,-1,0,10,Sun,1,4,60,0,33,82,33,0,5,0.576,0,0,0,0,0,0,1,evening,morning,0,0,0,0,1,0
U014,R0023,C4,shopping,flexible,60,0,-1,0,17,Mon,0,5,90,30,143,78,78,0,7,0.694,0,0,0,0,0,0,1,evening,evening,1,0,0,0,1,0
U025,R0024,C1,meeting,semi_flexible,45,0,-1,0,8,Mon,0,0,45,0,187,158,158,0,3,0.283,1,0,0,0,0,0,0,evening,morning,0,1,88,33,1,0
U025,R0024,C2,meeting,semi_flexible,45,0,-1,0,18,Fri,0,4,135,90,151,126,126,0,6,0.596,1,0,0,0,0,0,0,evening,evening,1,1,65,72,1,0
U025,R0024,C3,meeting,semi_flexible,45,0,-1,0,20,Tue,0,1,90,45,135,174,135,0,1,0.118,1,0,0,0,0,0,0,evening,evening,1,1,79,46,1,0
U025,R0024,C4,meeting,semi_flexible,45,0,-1,0,20,Mon,0,0,135,90,155,240,155,0,0,0.043,1,0,0,0,0,0,0,evening,evening,1,1,2,13,1,1
U023,R0025,C1,hospital,fixed,45,0,-1,0,23,Fri,0,1,45,0,133,211,133,0,1,0.202,0,0,0,0,0,0,1,night,night,1,1,5,36,1,1
U023,R0025,C2,hospital,fixed,45,0,-1,0,9,Tue,0,5,60,15,125,206,125,0,3,0.223,0,0,0,0,0,0,1,night,morning,0,1,40,41,1,0
U023,R0025,C3,hospital,fixed,45,0,-1,0,23,Fri,0,1,75,30,40,47,40,0,5,0.725,0,0,0,0,0,0,1,night,night,1,1,33,64,0,0
U023,R0025,C4,hospital,fixed,45,0,-1,0,7,Sun,1,3,75,30,85,135,85,0,2,0.26,0,0,0,0,0,0,1,night,morning,0,1,44,31,1,0
U023,R0026,C1,shopping,semi_flexible,60,0,-1,0,23,Sat,1,5,90,30,42,59,42,0,4,0.61,1,1,0,0,0,1,1,night,night,1,1,19,81,0,0
U023,R0026,C2,shopping,semi_flexible,60,0,-1,0,22,Mon,0,0,75,15,119,117,117,0,1,0.163,1,1,0,0,0,1,1,night,night,1,1,22,5,1,1
U023,R0026,C3,shopping,semi_flexible,60,0,-1,0,11,Wed,0,2,90,30,40,0,0,1,6,0.8,1,1,0,0,0,1,1,night,morning,0,1,18,4,0,0
U023,R0026,C4,shopping,semi_flexible,60,0,-1,0,21,Mon,0,0,150,90,165,117,117,0,5,0.513,1,1,0,0,0,1,1,night,night,1,1,40,4,1,0
U019,R0027,C1,personal_task,flexible,45,0,-1,0,20,Sun,1,0,45,0,24,172,24,0,6,0.708,0,0,0,0,0,0,1,evening,evening,1,1,40,39,0,0
U019,R0027,C2,personal_task,flexible,45,0,-1,0,22,Tue,0,2,135,90,178,208,178,0,3,0.189,0,0,0,0,0,0,1,evening,night,0,1,35,26,1,0
U019,R0027,C3,personal_task,flexible,45,0,-1,0,20,Wed,0,3,75,30,220,98,98,0,3,0.412,0,0,0,0,0,0,1,evening,evening,1,1,88,35,1,1
U019,R0027,C4,personal_task,flexible,45,0,-1,0,16,Thu,0,4,90,45,116,115,115,0,6,0.582,0,0,0,0,0,0,1,evening,afternoon,0,1,23,90,1,0
U003,R0028,C1,meeting,semi_flexible,30,1,113,0,23,Tue,0,4,60,30,119,85,85,0,4,0.454,0,1,0,0,0,0,1,evening,night,0,1,13,45,1,0
U003,R0028,C2,meeting,semi_flexible,30,1,113,0,23,Sat,1,1,150,120,86,142,86,0,2,0.239,0,1,0,0,0,0,1,evening,night,0,1,77,35,0,0
U003,R0028,C3,meeting,semi_flexible,30,1,113,0,17,Tue,0,4,180,150,177,0,0,1,4,0.696,0,1,0,0,0,0,1,evening,evening,1,1,11,10,0,0
U003,R0028,C4,meeting,semi_flexible,30,1,113,0,20,Sat,1,1,120,90,68,100,68,0,6,0.587,0,1,0,0,0,0,1,evening,evening,1,1,27,39,1,1
U028,R0029,C1,chore,flexible,30,0,-1,0,20,Fri,0,1,45,15,240,83,83,0,5,0.514,0,0,0,0,0,0,1,morning,evening,0,1,7,12,1,1
U028,R0029,C2,chore,flexible,30,0,-1,0,13,Sat,1,2,180,150,82,24,24,0,7,0.839,0,0,0,0,0,0,1,morning,afternoon,0,1,47,82,0,0
U028,R0029,C3,chore,flexible,30,0,-1,0,22,Fri,0,1,180,150,240,195,195,0,0,0.0,0,0,0,0,0,0,1,morning,night,0,1,10,6,1,0
U028,R0029,C4,chore,flexible,30,0,-1,0,10,Tue,0,5,75,45,74,217,74,0,0,0.185,0,0,0,0,0,0,1,morning,morning,1,1,46,26,1,0
U027,R0030,C1,personal_task,flexible,120,0,-1,0,21,Thu,0,4,135,15,130,193,130,0,3,0.268,0,1,0,0,0,0,0,afternoon,night,0,0,0,0,1,0
U027,R0030,C2,personal_task,flexible,120,0,-1,0,14,Thu,0,4,180,60,195,67,67,0,0,0.288,0,1,0,0,0,0,0,afternoon,afternoon,1,0,0,0,1,0
U027,R0030,C3,personal_task,flexible,120,0,-1,0,18,Wed,0,3,180,60,115,32,32,0,8,0.851,0,1,0,0,0,0,0,afternoon,evening,0,0,0,0,1,0
U027,R0030,C4,personal_task,flexible,120,0,-1,0,10,Sun,1,0,135,15,109,138,109,0,4,0.407,0,1,0,0,0,0,0,afternoon,morning,0,0,0,0,1,1
U037,R0031,C1,meeting,fixed,45,1,54,1,11,Sun,1,3,60,15,136,80,80,0,5,0.514,0,0,0,0,0,0,1,morning,morning,1,1,74,9,1,0
U037,R0031,C2,meeting,fixed,45,1,54,1,15,Sun,1,3,165,120,0,111,0,1,8,0.973,0,0,0,0,0,0,1,morning,afternoon,0,1,39,88,0,0
U037,R0031,C3,meeting,fixed,45,1,54,0,10,Thu,0,0,105,60,240,240,240,0,0,0.0,0,0,0,0,0,0,1,morning,morning,1,1,25,43,1,1
U037,R0031,C4,meeting,fixed,45,1,54,1,20,Mon,0,4,135,90,118,240,118,0,3,0.338,0,0,0,0,0,0,1,morning,evening,0,1,71,27,1,0
U014,R0032,C1,meeting,fixed,60,0,-1,0,19,Wed,0,0,150,90,74,133,74,0,1,0.341,0,0,0,0,0,0,1,evening,evening,1,1,24,35,1,0
U014,R0032,C2,meeting,fixed,60,0,-1,0,19,Thu,0,1,150,90,50,143,50,0,5,0.553,0,0,0,0,0,0,1,evening,evening,1,1,73,13,0,0
U014,R0032,C3,meeting,fixed,60,0,-1,0,18,Thu,0,1,120,60,75,34,34,0,5,0.651,0,0,0,0,0,0,1,evening,evening,1,1,50,52,0,1
U014,R0032,C4,meeting,fixed,60,0,-1,0,18,Sun,1,4,150,90,212,158,158,0,2,0.178,0,0,0,0,0,0,1,evening,evening,1,1,31,35,1,0
U007,R0033,C1,exercise,semi_flexible,60,0,-1,0,14,Mon,0,5,180,120,41,124,41,0,7,0.818,0,0,0,0,0,0,1,evening,afternoon,0,0,0,0,1,1
U007,R0033,C2,exercise,semi_flexible,60,0,-1,0,15,Sat,1,3,105,45,163,45,45,0,4,0.625,0,0,0,0,0,0,1,evening,afternoon,0,0,0,0,1,0
U007,R0033,C3,exercise,semi_flexible,60,0,-1,0,8,Fri,0,2,150,90,133,35,35,0,8,0.887,0,0,0,0,0,0,1,evening,morning,0,0,0,0,1,0
U007,R0033,C4,exercise,semi_flexible,60,0,-1,0,11,Sun,1,4,120,60,80,155,80,0,3,0.422,0,0,0,0,0,0,1,evening,morning,0,0,0,0,1,0
U038,R0034,C1,meeting,fixed,90,0,-1,0,11,Fri,0,5,135,45,37,126,37,0,3,0.479,0,1,0,0,0,1,1,afternoon,morning,0,1,24,55,1,0
U038,R0034,C2,meeting,fixed,90,0,-1,0,21,Thu,0,4,105,15,226,48,48,0,0,0.263,0,1,0,0,0,1,1,afternoon,night,0,1,19,18,1,0
U038,R0034,C3,meeting,fixed,90,0,-1,0,16,Thu,0,4,90,0,0,146,0,1,5,0.743,0,1,0,0,0,1,1,afternoon,afternoon,1,1,35,51,0,0
U038,R0034,C4,meeting,fixed,90,0,-1,0,15,Tue,0,2,135,45,115,119,115,0,5,0.498,0,1,0,0,0,1,1,afternoon,afternoon,1,1,22,84,1,1
U004,R0035,C1,study,flexible,60,1,93,0,9,Sat,1,1,105,45,42,157,42,0,2,0.375,0,0,0,0,0,0,1,evening,morning,0,1,36,7,0,0
U004,R0035,C2,study,flexible,60,1,93,0,9,Fri,0,0,75,15,127,0,0,1,7,0.991,0,0,0,0,0,0,1,evening,morning,0,1,47,4,0,0
U004,R0035,C3,study,flexible,60,1,93,0,12,Mon,0,3,105,45,170,214,170,0,1,0.021,0,0,0,0,0,0,1,evening,afternoon,0,1,69,88,1,1
U004,R0035,C4,study,flexible,60,1,93,0,23,Sun,1,2,150,90,0,115,0,1,6,0.795,0,0,0,0,0,0,1,evening,night,0,1,28,45,0,0
U035,R0036,C1,hospital,flexible,30,0,-1,0,13,Mon,0,5,120,90,190,86,86,0,3,0.404,0,0,0,0,0,0,1,afternoon,afternoon,1,0,0,0,1,0
U035,R0036,C2,hospital,flexible,30,0,-1,0,11,Wed,0,0,90,60,57,74,57,0,8,0.803,0,0,0,0,0,0,1,afternoon,morning,0,0,0,0,1,0
U035,R0036,C3,hospital,flexible,30,0,-1,0,12,Fri,0,2,120,90,64,0,0,1,6,0.814,0,0,0,0,0,0,1,afternoon,afternoon,1,0,0,0,1,0
U035,R0036,C4,hospital,flexible,30,0,-1,0,14,Sat,1,3,75,45,93,72,72,0,6,0.674,0,0,0,0,0,0,1,afternoon,afternoon,1,0,0,0,1,1
U014,R0037,C1,exercise,flexible,90,0,-1,0,19,Sat,1,2,90,0,139,181,139,0,3,0.288,1,0,0,0,0,1,1,evening,evening,1,1,43,76,1,1
U014,R0037,C2,exercise,flexible,90,0,-1,0,9,Mon,0,4,90,0,56,17,17,0,8,0.867,1,0,0,0,0,1,1,evening,morning,0,1,75,15,0,0
U014,R0037,C3,exercise,flexible,90,0,-1,0,17,Thu,0,0,120,30,112,55,55,0,8,0.778,1,0,0,0,0,1,1,evening,evening,1,1,6,66,0,0
U014,R0037,C4,exercise,flexible,90,0,-1,0,13,Sun,1,3,180,90,98,30,30,0,4,0.553,1,0,0,0,0,1,1,evening,afternoon,0,1,64,31,0,0
U017,R0038,C1,exercise,semi_flexible,45,0,-1,0,16,Wed,0,4,90,45,174,234,174,0,2,0.247,0,0,0,1,0,1,1,afternoon,afternoon,1,0,0,0,1,0
U017,R0038,C2,exercise,semi_flexible,45,0,-1,0,9,Thu,0,5,105,60,36,37,36,0,5,0.629,0,0,0,1,0,1,1,afternoon,morning,0,0,0,0,1,1
U017,R0038,C3,exercise,semi_flexible,45,0,-1,0,13,Wed,0,4,90,45,70,98,70,0,5,0.518,0,0,0,1,0,1,1,afternoon,afternoon,1,0,0,0,1,0
U017,R0038,C4,exercise,semi_flexible,45,0,-1,0,17,Sat,1,0,165,120,48,190,48,0,4,0.572,0,0,0,1,0,1,1,afternoon,evening,0,0,0,0,1,0
U020,R0039,C1,meeting,semi_flexible,60,0,-1,0,19,Fri,0,1,60,0,152,179,152,0,1,0.113,0,1,0,1,1,0,1,evening,evening,1,1,85,28,1,0
U020,R0039,C2,meeting,semi_flexible,60,0,-1,0,17,Sat,1,2,180,120,112,162,112,0,4,0.34,0,1,0,1,1,0,1,evening,evening,1,1,73,20,1,0
U020,R0039,C3,meeting,semi_flexible,60,0,-1,0,18,Sat,1,2,120,60,101,76,76,0,8,0.766,0,1,0,1,1,0,1,evening,evening,1,1,53,65,1,1
U020,R0039,C4,meeting,semi_flexible,60,0,-1,0,18,Tue,0,5,105,45,117,127,117,0,6,0.616,0,1,0,1,1,0,1,evening,evening,1,1,40,89,1,0
U039,R0040,C1,exercise,flexible,60,0,-1,0,7,Wed,0,1,75,15,33,73,33,0,5,0.667,0,0,0,0,0,0,1,morning,morning,1,0,0,0,1,0
U039,R0040,C2,exercise,flexible,60,0,-1,0,10,Wed,0,1,120,60,131,160,131,0,0,0.134,0,0,0,0,0,0,1,morning,morning,1,0,0,0,1,0
U039,R0040,C3,exercise,flexible,60,0,-1,0,10,Tue,0,0,105,45,202,181,181,0,3,0.229,0,0,0,0,0,0,1,morning,morning,1,0,0,0,1,0
U039,R0040,C4,exercise,flexible,60,0,-1,0,10,Fri,0,3,90,30,202,124,124,0,1,0.154,0,0,0,0,0,0,1,morning,morning,1,0,0,0,1,1
U022,R0041,C1,shopping,semi_flexible,45,0,-1,0,20,Fri,0,3,45,0,62,6,6,1,3,0.616,0,1,0,0,1,0,1,afternoon,evening,0,0,0,0,1,0
U022,R0041,C2,shopping,semi_flexible,45,0,-1,0,9,Tue,0,0,75,30,80,109,80,0,2,0.377,0,1,0,0,1,0,1,afternoon,morning,0,0,0,0,1,1
U022,R0041,C3,shopping,semi_flexible,45,0,-1,0,7,Fri,0,3,90,45,178,144,144,0,0,0.085,0,1,0,0,1,0,1,afternoon,morning,0,0,0,0,1,0
U022,R0041,C4,shopping,semi_flexible,45,0,-1,0,20,Sun,1,5,45,0,145,0,0,1,6,0.83,0,1,0,0,1,0,1,afternoon,evening,0,0,0,0,1,0
U027,R0042,C1,study,flexible,90,1,91,0,23,Sat,1,3,90,0,78,16,16,0,6,0.718,0,0,0,0,0,0,1,afternoon,night,0,0,0,0,1,1
U027,R0042,C2,study,flexible,90,1,91,0,9,Thu,0,1,105,15,0,74,0,1,5,0.71,0,0,0,0,0,0,1,afternoon,morning,0,0,0,0,1,0
U027,R0042,C3,study,flexible,90,1,91,1,13,Mon,0,5,120,30,108,0,0,1,5,0.756,0,0,0,0,0,0,1,afternoon,afternoon,1,0,0,0,1,0
U027,R0042,C4,study,flexible,90,1,91,0,7,Fri,0,2,120,30,49,32,32,0,7,0.794,0,0,0,0,0,0,1,afternoon,morning,0,0,0,0,1,0
U011,R0043,C1,personal_task,fixed,45,1,25,1,12,Fri,0,2,75,30,94,126,94,0,3,0.37,0,0,0,0,1,0,1,afternoon,afternoon,1,1,41,18,1,0
U011,R0043,C2,personal_task,fixed,45,1,25,1,19,Sat,1,3,75,30,50,146,50,0,3,0.485,0,0,0,0,1,0,1,afternoon,evening,0,1,29,2,1,0
U011,R0043,C3,personal_task,fixed,45,1,25,0,15,Thu,0,1,135,90,80,231,80,0,4,0.461,0,0,0,0,1,0,1,afternoon,afternoon,1,1,71,33,0,1
U011,R0043,C4,personal_task,fixed,45,1,25,1,15,Fri,0,2,75,30,44,0,0,1,8,1.0,0,0,0,0,1,0,1,afternoon,afternoon,1,1,46,29,0,0
U012,R0044,C1,study,fixed,120,1,61,0,22,Sun,1,0,150,30,98,196,98,0,3,0.353,0,1,0,0,0,0,1,night,night,1,0,0,0,1,1
U012,R0044,C2,study,fixed,120,1,61,1,22,Fri,0,5,135,15,114,194,114,0,2,0.23,0,1,0,0,0,0,1,night,night,1,0,0,0,1,0
U012,R0044,C3,study,fixed,120,1,61,1,22,Wed,0,3,135,15,49,70,49,0,3,0.491,0,1,0,0,0,0,1,night,night,1,0,0,0,1,0
U012,R0044,C4,study,fixed,120,1,61,1,14,Thu,0,4,135,15,102,233,102,0,0,0.262,0,1,0,0,0,0,1,night,afternoon,0,0,0,0,1,0
U037,R0045,C1,personal_task,flexible,90,0,-1,0,8,Sun,1,0,90,0,46,140,46,0,1,0.328,0,0,0,0,0,0,1,morning,morning,1,0,0,0,1,0
U037,R0045,C2,personal_task,flexible,90,0,-1,0,8,Fri,0,5,180,90,147,146,146,0,3,0.236,0,0,0,0,0,0,1,morning,morning,1,0,0,0,1,0
U037,R0045,C3,personal_task,flexible,90,0,-1,0,12,Tue,0,2,180,90,84,75,75,0,4,0.507,0,0,0,0,0,0,1,morning,afternoon,0,0,0,0,1,0
U037,R0045,C4,personal_task,flexible,90,0,-1,0,21,Thu,0,4,105,15,138,142,138,0,5,0.41,0,0,0,0,0,0,1,morning,night,0,0,0,0,1,1
U018,R0046,C1,hospital,fixed,60,1,83,0,11,Mon,0,2,90,30,85,91,85,0,6,0.645,0,0,0,1,0,0,1,morning,morning,1,1,68,29,1,1
U018,R0046,C2,hospital,fixed,60,1,83,0,9,Sat,1,0,90,30,240,126,126,0,1,0.191,0,0,0,1,0,0,1,morning,morning,1,1,45,43,1,0
U018,R0046,C3,hospital,fixed,60,1,83,1,7,Wed,0,4,150,90,6,30,6,1,8,0.999,0,0,0,1,0,0,1,morning,morning,1,1,50,15,0,0
U018,R0046,C4,hospital,fixed,60,1,83,0,9,Sun,1,1,75,15,176,115,115,0,1,0.168,0,0,0,1,0,0,1,morning,morning,1,1,84,30,1,0
U024,R0047,C1,shopping,semi_flexible,60,1,53,0,19,Sun,1,0,105,45,114,113,113,0,6,0.611,0,0,0,0,0,0,1,evening,evening,1,1,81,10,1,1
U024,R0047,C2,shopping,semi_flexible,60,1,53,1,20,Wed,0,3,90,30,108,58,58,0,3,0.461,0,0,0,0,0,0,1,evening,evening,1,1,32,78,0,0
U024,R0047,C3,shopping,semi_flexible,60,1,53,0,19,Mon,0,1,60,0,211,107,107,0,5,0.426,0,0,0,0,0,0,1,evening,evening,1,1,72,86,1,0
U024,R0047,C4,shopping,semi_flexible,60,1,53,1,20,Tue,0,2,150,90,155,164,155,0,3,0.227,0,0,0,0,0,0,1,evening,evening,1,1,29,42,1,0
U015,R0048,C1,study,semi_flexible,90,1,35,1,15,Mon,0,5,120,30,148,166,148,0,5,0.494,0,0,0,0,0,0,1,afternoon,afternoon,1,0,0,0,1,0
U015,R0048,C2,study,semi_flexible,90,1,35,0,9,Wed,0,0,90,0,13,100,13,1,5,0.727,0,0,0,0,0,0,1,afternoon,morning,0,0,0,0,1,1
U015,R0048,C3,study,semi_flexible,90,1,35,1,15,Sat,1,3,180,90,178,201,178,0,0,0.091,0,0,0,0,0,0,1,afternoon,afternoon,1,0,0,0,1,0
U015,R0048,C4,study,semi_flexible,90,1,35,1,14,Fri,0,2,180,90,44,37,37,0,5,0.631,0,0,0,0,0,0,1,afternoon,afternoon,1,0,0,0,1,0
U014,R0049,C1,exercise,flexible,90,0,-1,0,15,Mon,0,1,180,90,143,138,138,0,3,0.34,0,0,1,0,1,1,1,evening,afternoon,0,0,0,0,1,0
U014,R0049,C2,exercise,flexible,90,0,-1,0,21,Tue,0,2,90,0,114,151,114,0,3,0.374,0,0,1,0,1,1,1,evening,night,0,0,0,0,1,0
U014,R0049,C3,exercise,flexible,90,0,-1,0,19,Sun,1,0,135,45,110,204,110,0,0,0.169,0,0,1,0,1,1,1,evening,evening,1,0,0,0,1,1
U014,R0049,C4,exercise,flexible,90,0,-1,0,12,Fri,0,5,105,15,109,30,30,0,2,0.478,0,0,1,0,1,1,1,evening,afternoon,0,0,0,0,1,0
U013,R0050,C1,chore,flexible,90,0,-1,0,8,Mon,0,0,90,0,143,121,121,0,0,0.001,0,1,0,1,0,1,1,evening,morning,0,0,0,0,1,0
U013,R0050,C2,chore,flexible,90,0,-1,0,14,Fri,0,4,180,90,181,124,124,0,4,0.429,0,1,0,1,0,1,1,evening,afternoon,0,0,0,0,1,0
U013,R0050,C3,chore,flexible,90,0,-1,0,8,Wed,0,2,180,90,115,79,79,0,5,0.569,0,1,0,1,0,1,1,evening,morning,0,0,0,0,1,1
U013,R0050,C4,chore,flexible,90,0,-1,0,15,Wed,0,2,120,30,140,8,8,1,2,0.571,0,1,0,1,0,1,1,evening,afternoon,0,0,0,0,1,0
U014,R0051,C1,study,flexible,90,1,57,1,19,Fri,0,3,90,0,56,100,56,0,4,0.497,1,1,0,0,1,0,1,evening,evening,1,0,0,0,1,0
U014,R0051,C2,study,flexible,90,1,57,0,16,Thu,0,2,105,15,105,29,29,0,5,0.56,1,1,0,0,1,0,1,evening,afternoon,0,0,0,0,1,1
U014,R0051,C3,study,flexible,90,1,57,1,20,Sat,1,4,105,15,151,10,10,1,7,0.895,1,1,0,0,1,0,1,evening,evening,1,0,0,0,1,0
U014,R0051,C4,study,flexible,90,1,57,1,18,Sun,1,5,120,30,61,153,61,0,4,0.471,1,1,0,0,1,0,1,evening,evening,1,0,0,0,1,0
U010,R0052,C1,study,flexible,90,1,14,1,10,Tue,0,4,135,45,122,17,17,0,3,0.554,0,0,0,0,0,0,1,afternoon,morning,0,0,0,0,1,0
U010,R0052,C2,study,flexible,90,1,14,1,16,Tue,0,4,180,90,159,134,134,0,0,0.11,0,0,0,0,0,0,1,afternoon,afternoon,1,0,0,0,1,1
U010,R0052,C3,study,flexible,90,1,14,1,10,Mon,0,3,135,45,32,0,0,1,6,0.867,0,0,0,0,0,0,1,afternoon,morning,0,0,0,0,1,0
U010,R0052,C4,study,flexible,90,1,14,1,21,Wed,0,5,105,15,16,30,16,0,4,0.644,0,0,0,0,0,0,1,afternoon,night,0,0,0,0,1,0
U004,R0053,C1,exercise,semi_flexible,90,0,-1,0,17,Mon,0,5,90,0,111,72,72,0,3,0.382,0,0,1,0,0,1,1,evening,evening,1,1,74,17,1,0
U004,R0053,C2,exercise,semi_flexible,90,0,-1,0,22,Fri,0,2,180,90,56,150,56,0,4,0.557,0,0,1,0,0,1,1,evening,night,0,1,61,45,0,0
U004,R0053,C3,exercise,semi_flexible,90,0,-1,0,18,Sat,1,3,120,30,117,169,117,0,2,0.231,0,0,1,0,0,1,1,evening,evening,1,1,75,5,1,1
U004,R0053,C4,exercise,semi_flexible,90,0,-1,0,18,Sat,1,3,120,30,49,85,49,0,1,0.267,0,0,1,0,0,1,1,evening,evening,1,1,32,13,1,0
U040,R0054,C1,study,flexible,60,0,-1,0,17,Fri,0,3,180,120,121,108,108,0,4,0.422,0,1,0,0,0,0,1,evening,evening,1,0,0,0,1,0
U040,R0054,C2,study,flexible,60,0,-1,0,19,Wed,0,1,105,45,152,139,139,0,2,0.255,0,1,0,0,0,0,1,evening,evening,1,0,0,0,1,1
U040,R0054,C3,study,flexible,60,0,-1,0,20,Thu,0,2,90,30,231,103,103,0,4,0.348,0,1,0,0,0,0,1,evening,evening,1,0,0,0,1,0
U040,R0054,C4,study,flexible,60,0,-1,0,19,Fri,0,3,75,15,151,191,151,0,3,0.309,0,1,0,0,0,0,1,evening,evening,1,0,0,0,1,0
U011,R0055,C1,personal_task,flexible,30,1,59,1,12,Tue,0,4,180,150,70,240,70,0,0,0.235,0,1,0,0,0,0,1,afternoon,afternoon,1,0,0,0,1,0
U011,R0055,C2,personal_task,flexible,30,1,59,1,14,Mon,0,3,45,15,154,138,138,0,3,0.303,0,1,0,0,0,0,1,afternoon,afternoon,1,0,0,0,1,0
U011,R0055,C3,personal_task,flexible,30,1,59,0,16,Fri,0,0,60,30,0,98,0,1,7,0.953,0,1,0,0,0,0,1,afternoon,afternoon,1,0,0,0,1,0
U011,R0055,C4,personal_task,flexible,30,1,59,0,13,Sun,1,2,90,60,68,77,68,0,5,0.655,0,1,0,0,0,0,1,afternoon,afternoon,1,0,0,0,1,1
U019,R0056,C1,chore,flexible,90,0,-1,0,20,Fri,0,5,135,45,121,134,121,0,4,0.329,0,0,0,0,0,0,1,evening,evening,1,0,0,0,1,0
U019,R0056,C2,chore,flexible,90,0,-1,0,20,Fri,0,5,90,0,120,105,105,0,4,0.447,0,0,0,0,0,0,1,evening,evening,1,0,0,0,1,0
U019,R0056,C3,chore,flexible,90,0,-1,0,18,Mon,0,1,105,15,193,135,135,0,2,0.244,0,0,0,0,0,0,1,evening,evening,1,0,0,0,1,1
U019,R0056,C4,chore,flexible,90,0,-1,0,20,Thu,0,4,180,90,112,129,112,0,5,0.458,0,0,0,0,0,0,1,evening,evening,1,0,0,0,1,0
U010,R0057,C1,personal_task,flexible,120,1,99,0,16,Thu,0,2,165,45,170,91,91,0,3,0.37,0,1,0,0,0,0,1,afternoon,afternoon,1,0,0,0,1,0
U010,R0057,C2,personal_task,flexible,120,1,99,0,10,Fri,0,3,150,30,82,216,82,0,3,0.375,0,1,0,0,0,0,1,afternoon,morning,0,0,0,0,1,0
U010,R0057,C3,personal_task,flexible,120,1,99,0,16,Fri,0,3,120,0,214,220,214,0,2,0.112,0,1,0,0,0,0,1,afternoon,afternoon,1,0,0,0,1,1
U010,R0057,C4,personal_task,flexible,120,1,99,0,9,Fri,0,3,180,60,125,187,125,0,3,0.37,0,1,0,0,0,0,1,afternoon,morning,0,0,0,0,1,0
U038,R0058,C1,personal_task,flexible,60,0,-1,0,16,Fri,0,5,60,0,34,78,34,0,6,0.687,0,0,0,0,0,0,1,afternoon,afternoon,1,1,36,1,0,0
U038,R0058,C2,personal_task,flexible,60,0,-1,0,15,Wed,0,3,75,15,105,46,46,0,3,0.454,0,0,0,0,0,0,1,afternoon,afternoon,1,1,32,28,1,1
U038,R0058,C3,personal_task,flexible,60,0,-1,0,22,Sun,1,0,60,0,178,218,178,0,2,0.13,0,0,0,0,0,0,1,afternoon,night,0,1,53,41,1,0
U038,R0058,C4,personal_task,flexible,60,0,-1,0,16,Sun,1,0,60,0,179,222,179,0,1,0.066,0,0,0,0,0,0,1,afternoon,afternoon,1,1,52,78,1,0
U015,R0059,C1,study,flexible,30,1,11,1,17,Tue,0,3,30,0,170,190,170,0,3,0.245,0,1,0,0,0,0,1,afternoon,evening,0,0,0,0,1,0
U015,R0059,C2,study,flexible,30,1,11,0,21,Sat,1,0,60,30,77,118,77,0,6,0.627,0,1,0,0,0,0,1,afternoon,night,0,0,0,0,1,0
U015,R0059,C3,study,flexible,30,1,11,0,16,Sat,1,0,90,60,148,197,148,0,2,0.162,0,1,0,0,0,0,1,afternoon,afternoon,1,0,0,0,1,1
U015,R0059,C4,study,flexible,30,1,11,1,13,Sun,1,1,150,120,74,45,45,0,5,0.611,0,1,0,0,0,0,1,afternoon,afternoon,1,0,0,0,1,0
U028,R0060,C1,personal_task,flexible,90,0,-1,0,7,Mon,0,3,135,45,152,69,69,0,5,0.565,0,0,0,0,0,0,1,morning,morning,1,0,0,0,1,0
U028,R0060,C2,personal_task,flexible,90,0,-1,0,9,Sat,1,1,90,0,116,169,116,0,4,0.363,0,0,0,0,0,0,1,morning,morning,1,0,0,0,1,1
U028,R0060,C3,personal_task,flexible,90,0,-1,0,11,Tue,0,4,135,45,0,35,0,1,7,0.963,0,0,0,0,0,0,1,morning,morning,1,0,0,0,1,0
U028,R0060,C4,personal_task,flexible,90,0,-1,0,15,Fri,0,0,150,60,185,182,182,0,2,0.184,0,0,0,0,0,0,1,morning,afternoon,0,0,0,0,1,0
U039,R0061,C1,exercise,semi_flexible,30,0,-1,0,10,Fri,0,0,75,45,100,206,100,0,3,0.364,0,0,0,0,0,0,1,morning,morning,1,0,0,0,1,1
U039,R0061,C2,exercise,semi_flexible,30,0,-1,0,10,Sun,1,2,45,15,155,110,110,0,3,0.373,0,0,0,0,0,0,1,morning,morning,1,0,0,0,1,0
U039,R0061,C3,exercise,semi_flexible,30,0,-1,0,11,Tue,0,4,30,0,70,77,70,0,3,0.43,0,0,0,0,0,0,1,morning,morning,1,0,0,0,1,0
U039,R0061,C4,exercise,semi_flexible,30,0,-1,0,9,Wed,0,5,75,45,120,134,120,0,1,0.169,0,0,0,0,0,0,1,morning,morning,1,0,0,0,1,0
U010,R0062,C1,study,semi_flexible,60,1,61,1,19,Sun,1,3,60,0,103,0,0,1,8,1.0,0,1,0,1,0,1,0,afternoon,evening,0,0,0,0,1,0
U010,R0062,C2,study,semi_flexible,60,1,61,0,16,Sat,1,2,90,30,115,185,115,0,3,0.363,0,1,0,1,0,1,0,afternoon,afternoon,1,0,0,0,1,1
U010,R0062,C3,study,semi_flexible,60,1,61,1,17,Tue,0,5,120,60,120,198,120,0,1,0.225,0,1,0,1,0,1,0,afternoon,evening,0,0,0,0,1,0
U010,R0062,C4,study,semi_flexible,60,1,61,1,11,Mon,0,4,180,120,181,91,91,0,5,0.536,0,1,0,1,0,1,0,afternoon,morning,0,0,0,0,1,0
U002,R0063,C1,personal_task,flexible,60,1,46,0,15,Sat,1,1,60,0,0,20,0,1,8,0.967,0,0,0,0,0,0,1,afternoon,afternoon,1,1,60,25,0,0
U002,R0063,C2,personal_task,flexible,60,1,46,0,12,Fri,0,0,60,0,96,108,96,0,6,0.599,0,0,0,0,0,0,1,afternoon,afternoon,1,1,87,42,0,1
U002,R0063,C3,personal_task,flexible,60,1,46,1,15,Wed,0,5,75,15,133,133,133,0,0,0.04,0,0,0,0,0,0,1,afternoon,afternoon,1,1,67,53,1,0
U002,R0063,C4,personal_task,flexible,60,1,46,1,14,Wed,0,5,150,90,166,80,80,0,4,0.463,0,0,0,0,0,0,1,afternoon,afternoon,1,1,25,23,1,0
U006,R0064,C1,hospital,semi_flexible,60,0,-1,0,9,Tue,0,5,120,60,129,124,124,0,6,0.552,0,0,0,1,0,1,1,night,morning,0,1,71,4,1,0
U006,R0064,C2,hospital,semi_flexible,60,0,-1,0,23,Sat,1,2,180,120,213,113,113,0,1,0.089,0,0,0,1,0,1,1,night,night,1,1,25,67,1,1
U006,R0064,C3,hospital,semi_flexible,60,0,-1,0,20,Sat,1,2,105,45,156,138,138,0,1,0.147,0,0,0,1,0,1,1,night,evening,0,1,10,44,1,0
U006,R0064,C4,hospital,semi_flexible,60,0,-1,0,23,Mon,0,4,120,60,0,106,0,1,7,0.916,0,0,0,1,0,1,1,night,night,1,1,31,67,0,0
U008,R0065,C1,study,semi_flexible,120,1,43,0,10,Sun,1,1,180,60,71,82,71,0,7,0.682,0,0,1,0,0,0,1,evening,morning,0,1,34,28,1,0
U008,R0065,C2,study,semi_flexible,120,1,43,1,17,Tue,0,3,180,60,144,169,144,0,1,0.088,0,0,1,0,0,0,1,evening,evening,1,1,78,45,1,0
U008,R0065,C3,study,semi_flexible,120,1,43,0,17,Sun,1,1,150,30,145,199,145,0,4,0.354,0,0,1,0,0,0,1,evening,evening,1,1,24,29,1,1
U008,R0065,C4,study,semi_flexible,120,1,43,1,19,Mon,0,2,120,0,140,76,76,0,5,0.609,0,0,1,0,0,0,1,evening,evening,1,1,6,74,0,0
U001,R0066,C1,exercise,flexible,60,0,-1,0,13,Tue,0,2,180,120,0,0,0,1,7,0.988,0,1,0,0,0,1,1,evening,afternoon,0,1,82,4,0,0
U001,R0066,C2,exercise,flexible,60,0,-1,0,18,Mon,0,1,75,15,0,18,0,1,7,0.938,0,1,0,0,0,1,1,evening,evening,1,1,15,26,0,0
U001,R0066,C3,exercise,flexible,60,0,-1,0,19,Wed,0,3,120,60,166,147,147,0,2,0.203,0,1,0,0,0,1,1,evening,evening,1,1,34,64,1,1
U001,R0066,C4,exercise,flexible,60,0,-1,0,14,Sun,1,0,75,15,106,74,74,0,5,0.582,0,1,0,0,0,1,1,evening,afternoon,0,1,14,83,0,0
U014,R0067,C1,study,semi_flexible,60,1,78,1,7,Wed,0,5,90,30,163,240,163,0,2,0.143,0,0,0,1,1,0,1,evening,morning,0,1,24,75,1,0
U014,R0067,C2,study,semi_flexible,60,1,78,0,19,Fri,0,0,75,15,139,45,45,0,2,0.35,0,0,0,1,1,0,1,evening,evening,1,1,78,73,0,0
U014,R0067,C3,study,semi_flexible,60,1,78,0,17,Fri,0,0,60,0,144,210,144,0,0,0.022,0,0,0,1,1,0,1,evening,evening,1,1,10,87,1,0
U014,R0067,C4,study,semi_flexible,60,1,78,0,19,Fri,0,0,60,0,111,240,111,0,1,0.157,0,0,0,1,1,0,1,evening,evening,1,1,62,27,1,1
U040,R0068,C1,meeting,semi_flexible,30,0,-1,0,19,Sat,1,5,45,15,103,131,103,0,2,0.257,0,1,0,0,0,0,1,evening,evening,1,1,13,44,1,0
U040,R0068,C2,meeting,semi_flexible,30,0,-1,0,18,Fri,0,4,90,60,168,185,168,0,1,0.093,0,1,0,0,0,0,1,evening,evening,1,1,28,83,1,0
U040,R0068,C3,meeting,semi_flexible,30,0,-1,0,18,Fri,0,4,150,120,135,141,135,0,0,0.04,0,1,0,0,0,0,1,evening,evening,1,1,37,57,1,1
U040,R0068,C4,meeting,semi_flexible,30,0,-1,0,23,Wed,0,2,90,60,240,142,142,0,1,0.154,0,1,0,0,0,0,1,evening,night,0,1,6,30,1,0
U002,R0069,C1,personal_task,semi_flexible,90,0,-1,0,14,Sat,1,0,180,90,177,104,104,0,2,0.302,0,0,0,0,0,0,1,afternoon,afternoon,1,1,86,51,1,1
U002,R0069,C2,personal_task,semi_flexible,90,0,-1,0,13,Wed,0,4,180,90,178,127,127,0,3,0.349,0,0,0,0,0,0,1,afternoon,afternoon,1,1,50,11,1,0
U002,R0069,C3,personal_task,semi_flexible,90,0,-1,0,16,Thu,0,5,120,30,115,87,87,0,0,0.147,0,0,0,0,0,0,1,afternoon,afternoon,1,1,24,51,1,0
U002,R0069,C4,personal_task,semi_flexible,90,0,-1,0,8,Sat,1,0,105,15,50,46,46,0,3,0.438,0,0,0,0,0,0,1,afternoon,morning,0,1,6,89,0,0
U031,R0070,C1,meeting,semi_flexible,90,0,-1,0,18,Fri,0,0,90,0,106,148,106,0,4,0.389,0,0,0,0,0,0,1,evening,evening,1,1,17,12,1,1
U031,R0070,C2,meeting,semi_flexible,90,0,-1,0,19,Sun,1,2,135,45,165,188,165,0,4,0.322,0,0,0,0,0,0,1,evening,evening,1,1,87,45,1,0
U031,R0070,C3,meeting,semi_flexible,90,0,-1,0,7,Fri,0,0,120,30,173,60,60,0,2,0.354,0,0,0,0,0,0,1,evening,morning,0,1,29,42,1,0
U031,R0070,C4,meeting,semi_flexible,90,0,-1,0,20,Mon,0,3,180,90,170,150,150,0,4,0.383,0,0,0,0,0,0,1,evening,evening,1,1,17,67,1,0
U032,R0071,C1,study,flexible,90,0,-1,0,21,Mon,0,5,105,15,76,106,76,0,3,0.418,0,0,0,0,0,0,1,night,night,1,1,73,26,0,0
U032,R0071,C2,study,flexible,90,0,-1,0,12,Thu,0,1,120,30,152,137,137,0,1,0.121,0,0,0,0,0,0,1,night,afternoon,0,1,14,12,1,0
U032,R0071,C3,study,flexible,90,0,-1,0,23,Sat,1,3,90,0,92,207,92,0,1,0.154,0,0,0,0,0,0,1,night,night,1,1,27,32,1,1
U032,R0071,C4,study,flexible,90,0,-1,0,15,Mon,0,5,105,15,84,180,84,0,3,0.344,0,0,0,0,0,0,1,night,afternoon,0,1,60,11,1,0
U013,R0072,C1,personal_task,semi_flexible,60,0,-1,0,11,Thu,0,0,105,45,148,54,54,0,4,0.51,1,0,1,0,0,1,1,evening,morning,0,0,0,0,1,0
U013,R0072,C2,personal_task,semi_flexible,60,0,-1,0,17,Tue,0,5,75,15,214,202,202,0,1,0.066,1,0,1,0,0,1,1,evening,evening,1,0,0,0,1,1
U013,R0072,C3,personal_task,semi_flexible,60,0,-1,0,20,Tue,0,5,150,90,104,137,104,0,5,0.542,1,0,1,0,0,1,1,evening,evening,1,0,0,0,1,0
U013,R0072,C4,personal_task,semi_flexible,60,0,-1,0,7,Thu,0,0,180,120,65,81,65,0,6,0.651,1,0,1,0,0,1,1,evening,morning,0,0,0,0,1,0
U040,R0073,C1,shopping,fixed,45,0,-1,0,18,Wed,0,2,45,0,103,125,103,0,6,0.548,0,0,1,0,0,1,1,evening,evening,1,1,16,50,1,0
U040,R0073,C2,shopping,fixed,45,0,-1,0,17,Wed,0,2,60,15,134,121,121,0,3,0.239,0,0,1,0,0,1,1,evening,evening,1,1,51,28,1,0
U040,R0073,C3,shopping,fixed,45,0,-1,0,20,Tue,0,1,75,30,64,96,64,0,6,0.659,0,0,1,0,0,1,1,evening,evening,1,1,23,29,1,0
U040,R0073,C4,shopping,fixed,45,0,-1,0,18,Mon,0,0,105,60,204,154,154,0,0,0.011,0,0,1,0,0,1,1,evening,evening,1,1,0,18,1,1
U037,R0074,C1,chore,flexible,30,1,90,0,8,Mon,0,2,90,60,22,97,22,0,3,0.532,0,0,0,0,0,0,1,morning,morning,1,0,0,0,1,0
U037,R0074,C2,chore,flexible,30,1,90,0,14,Sun,1,1,30,0,149,201,149,0,4,0.368,0,0,0,0,0,0,1,morning,afternoon,0,0,0,0,1,0
U037,R0074,C3,chore,flexible,30,1,90,1,15,Thu,0,5,90,60,135,94,94,0,1,0.238,0,0,0,0,0,0,1,morning,afternoon,0,0,0,0,1,0
U037,R0074,C4,chore,flexible,30,1,90,0,11,Mon,0,2,180,150,163,228,163,0,0,0.0,0,0,0,0,0,0,1,morning,morning,1,0,0,0,1,1
U023,R0075,C1,personal_task,semi_flexible,120,0,-1,0,15,Thu,0,3,180,60,128,104,104,0,3,0.405,0,0,0,0,0,0,1,night,afternoon,0,0,0,0,1,0
U023,R0075,C2,personal_task,semi_flexible,120,0,-1,0,23,Mon,0,0,150,30,167,83,83,0,0,0.211,0,0,0,0,0,0,1,night,night,1,0,0,0,1,0
U023,R0075,C3,personal_task,semi_flexible,120,0,-1,0,23,Tue,0,1,165,45,103,142,103,0,1,0.249,0,0,0,0,0,0,1,night,night,1,0,0,0,1,0
U023,R0075,C4,personal_task,semi_flexible,120,0,-1,0,21,Thu,0,3,135,15,152,238,152,0,3,0.325,0,0,0,0,0,0,1,night,night,1,0,0,0,1,1
U026,R0076,C1,chore,flexible,45,0,-1,0,12,Tue,0,5,135,90,139,120,120,0,6,0.559,0,0,0,0,0,0,1,morning,afternoon,0,1,16,69,1,0
U026,R0076,C2,chore,flexible,45,0,-1,0,8,Fri,0,1,60,15,204,122,122,0,3,0.367,0,0,0,0,0,0,1,morning,morning,1,1,29,14,1,1
U026,R0076,C3,chore,flexible,45,0,-1,0,17,Thu,0,0,75,30,129,29,29,0,5,0.654,0,0,0,0,0,0,1,morning,evening,0,1,10,44,0,0
U026,R0076,C4,chore,flexible,45,0,-1,0,11,Sat,1,2,45,0,3,45,3,1,6,0.892,0,0,0,0,0,0,1,morning,morning,1,1,29,51,0,0
U035,R0077,C1,chore,semi_flexible,30,0,-1,0,17,Sat,1,3,180,150,166,114,114,0,5,0.506,0,0,1,0,0,1,1,afternoon,evening,0,1,54,25,1,0
U035,R0077,C2,chore,semi_flexible,30,0,-1,0,15,Mon,0,5,75,45,89,99,89,0,6,0.601,0,0,1,0,0,1,1,afternoon,afternoon,1,1,18,61,1,0
U035,R0077,C3,chore,semi_flexible,30,0,-1,0,12,Wed,0,0,150,120,141,69,69,0,4,0.452,0,0,1,0,0,1,1,afternoon,afternoon,1,1,87,51,1,1
U035,R0077,C4,chore,semi_flexible,30,0,-1,0,15,Sun,1,4,90,60,162,171,162,0,2,0.146,0,0,1,0,0,1,1,afternoon,afternoon,1,1,39,4,1,0
U010,R0078,C1,exercise,flexible,45,0,-1,0,15,Wed,0,0,165,120,21,130,21,0,5,0.745,0,0,0,1,0,0,1,afternoon,afternoon,1,1,30,11,0,0
U010,R0078,C2,exercise,flexible,45,0,-1,0,14,Wed,0,0,135,90,96,109,96,0,2,0.302,0,0,0,1,0,0,1,afternoon,afternoon,1,1,55,33,1,1
U010,R0078,C3,exercise,flexible,45,0,-1,0,16,Thu,0,1,45,0,71,63,63,0,5,0.513,0,0,0,1,0,0,1,afternoon,afternoon,1,1,8,16,1,0
U010,R0078,C4,exercise,flexible,45,0,-1,0,12,Sat,1,3,105,60,169,34,34,0,3,0.552,0,0,0,1,0,0,1,afternoon,afternoon,1,1,55,71,0,0
U022,R0079,C1,exercise,fixed,30,0,-1,0,19,Sun,1,5,45,15,52,0,0,1,8,1.0,0,0,0,0,1,1,1,afternoon,evening,0,1,69,34,0,0
U022,R0079,C2,exercise,fixed,30,0,-1,0,17,Sat,1,4,75,45,100,39,39,0,4,0.546,0,0,0,0,1,1,1,afternoon,evening,0,1,65,74,0,0
U022,R0079,C3,exercise,fixed,30,0,-1,0,16,Sun,1,5,90,60,59,79,59,0,5,0.532,0,0,0,0,1,1,1,afternoon,afternoon,1,1,64,60,0,0
U022,R0079,C4,exercise,fixed,30,0,-1,0,10,Fri,0,3,60,30,109,141,109,0,5,0.525,0,0,0,0,1,1,1,afternoon,morning,0,1,42,17,1,1
U001,R0080,C1,personal_task,semi_flexible,90,1,18,0,20,Thu,0,0,90,0,233,67,67,0,3,0.455,0,1,0,0,0,0,1,evening,evening,1,1,89,38,1,1
U001,R0080,C2,personal_task,semi_flexible,90,1,18,1,17,Mon,0,4,135,45,85,52,52,0,4,0.542,0,1,0,0,0,0,1,evening,evening,1,1,60,74,0,0
U001,R0080,C3,personal_task,semi_flexible,90,1,18,1,15,Sat,1,2,135,45,0,22,0,1,5,0.834,0,1,0,0,0,0,1,evening,afternoon,0,1,7,25,0,0
U001,R0080,C4,personal_task,semi_flexible,90,1,18,1,18,Tue,0,5,180,90,47,0,0,1,8,0.97,0,1,0,0,0,0,1,evening,evening,1,1,1,20,0,0
U034,R0081,C1,shopping,flexible,60,0,-1,0,17,Tue,0,0,180,120,130,74,74,0,6,0.691,0,0,1,0,0,1,1,afternoon,evening,0,1,20,5,1,0
U034,R0081,C2,shopping,flexible,60,0,-1,0,13,Wed,0,1,60,0,240,74,74,0,5,0.566,0,0,1,0,0,1,1,afternoon,afternoon,1,1,25,9,1,0
U034,R0081,C3,shopping,flexible,60,0,-1,0,13,Fri,0,3,105,45,52,98,52,0,2,0.318,0,0,1,0,0,1,1,afternoon,afternoon,1,1,55,43,0,0
U034,R0081,C4,shopping,flexible,60,0,-1,0,14,Sat,1,4,75,15,196,109,109,0,3,0.326,0,0,1,0,0,1,1,afternoon,afternoon,1,1,26,39,1,1
U012,R0082,C1,personal_task,flexible,120,0,-1,0,22,Tue,0,2,135,15,166,100,100,0,3,0.315,0,0,0,0,0,0,1,night,night,1,1,73,73,1,1
U012,R0082,C2,personal_task,flexible,120,0,-1,0,21,Sun,1,0,180,60,150,121,121,0,3,0.254,0,0,0,0,0,0,1,night,night,1,1,60,42,1,0
U012,R0082,C3,personal_task,flexible,120,0,-1,0,21,Fri,0,5,180,60,31,52,31,0,8,0.933,0,0,0,0,0,0,1,night,night,1,1,10,13,1,0
U012,R0082,C4,personal_task,flexible,120,0,-1,0,15,Sun,1,0,180,60,13,85,13,1,5,0.692,0,0,0,0,0,0,1,night,afternoon,0,1,7,77,0,0
U021,R0083,C1,personal_task,flexible,60,0,-1,0,8,Fri,0,4,90,30,54,91,54,0,5,0.608,0,0,0,0,0,0,1,evening,morning,0,0,0,0,1,1
U021,R0083,C2,personal_task,flexible,60,0,-1,0,15,Mon,0,0,150,90,113,106,106,0,3,0.347,0,0,0,0,0,0,1,evening,afternoon,0,0,0,0,1,0
U021,R0083,C3,personal_task,flexible,60,0,-1,0,20,Sat,1,5,105,45,86,240,86,0,2,0.315,0,0,0,0,0,0,1,evening,evening,1,0,0,0,1,0
U021,R0083,C4,personal_task,flexible,60,0,-1,0,16,Tue,0,1,150,90,137,145,137,0,1,0.098,0,0,0,0,0,0,1,evening,afternoon,0,0,0,0,1,0
U034,R0084,C1,shopping,semi_flexible,45,0,-1,0,8,Sat,1,4,135,90,58,164,58,0,3,0.401,0,1,1,0,0,0,1,afternoon,morning,0,1,26,10,1,0
U034,R0084,C2,shopping,semi_flexible,45,0,-1,0,9,Tue,0,0,165,120,172,185,172,0,1,0.088,0,1,1,0,0,0,1,afternoon,morning,0,1,11,63,1,1
U034,R0084,C3,shopping,semi_flexible,45,0,-1,0,13,Sun,1,5,75,30,93,172,93,0,1,0.185,0,1,1,0,0,0,1,afternoon,afternoon,1,1,45,52,1,0
U034,R0084,C4,shopping,semi_flexible,45,0,-1,0,14,Tue,0,0,45,0,98,143,98,0,2,0.261,0,1,1,0,0,0,1,afternoon,afternoon,1,1,88,59,1,0
U003,R0085,C1,exercise,semi_flexible,30,0,-1,0,19,Sat,1,1,30,0,37,67,37,0,3,0.446,0,0,0,0,0,0,1,evening,evening,1,1,24,32,1,0
U003,R0085,C2,exercise,semi_flexible,30,0,-1,0,11,Sun,1,2,90,60,96,92,92,0,4,0.43,0,0,0,0,0,0,1,evening,morning,0,1,16,26,1,0
U003,R0085,C3,exercise,semi_flexible,30,0,-1,0,16,Sat,1,1,30,0,146,110,110,0,4,0.458,0,0,0,0,0,0,1,evening,afternoon,0,1,87,7,1,0
U003,R0085,C4,exercise,semi_flexible,30,0,-1,0,17,Wed,0,5,75,45,84,125,84,0,7,0.705,0,0,0,0,0,0,1,evening,evening,1,1,28,63,1,1
U027,R0086,C1,shopping,semi_flexible,60,0,-1,0,22,Mon,0,4,105,45,141,29,29,0,2,0.4,1,0,0,0,0,0,1,afternoon,night,0,1,23,16,1,0
U027,R0086,C2,shopping,semi_flexible,60,0,-1,0,15,Mon,0,4,150,90,108,54,54,0,6,0.663,1,0,0,0,0,0,1,afternoon,afternoon,1,1,38,72,0,0
U027,R0086,C3,shopping,semi_flexible,60,0,-1,0,15,Mon,0,4,105,45,167,167,167,0,1,0.165,1,0,0,0,0,0,1,afternoon,afternoon,1,1,53,74,1,1
U027,R0086,C4,shopping,semi_flexible,60,0,-1,0,14,Tue,0,5,120,60,167,143,143,0,3,0.277,1,0,0,0,0,0,1,afternoon,afternoon,1,1,39,59,1,0
U038,R0087,C1,chore,semi_flexible,60,1,58,1,16,Sun,1,3,75,15,140,240,140,0,3,0.35,0,0,0,0,0,0,1,afternoon,afternoon,1,0,0,0,1,0
U038,R0087,C2,chore,semi_flexible,60,1,58,0,14,Fri,0,1,120,60,174,129,129,0,4,0.397,0,0,0,0,0,0,1,afternoon,afternoon,1,0,0,0,1,0
U038,R0087,C3,chore,semi_flexible,60,1,58,0,19,Thu,0,0,105,45,178,107,107,0,3,0.356,0,0,0,0,0,0,1,afternoon,evening,0,0,0,0,1,1
U038,R0087,C4,chore,semi_flexible,60,1,58,1,16,Sun,1,3,120,60,31,26,26,0,6,0.7,0,0,0,0,0,0,1,afternoon,afternoon,1,0,0,0,1,0
U017,R0088,C1,meeting,fixed,60,0,-1,0,8,Sat,1,3,150,90,86,85,85,0,5,0.519,0,0,0,0,0,0,1,afternoon,morning,0,1,72,3,1,0
U017,R0088,C2,meeting,fixed,60,0,-1,0,14,Sat,1,3,60,0,126,115,115,0,5,0.52,0,0,0,0,0,0,1,afternoon,afternoon,1,1,2,42,1,0
U017,R0088,C3,meeting,fixed,60,0,-1,0,14,Fri,0,2,180,120,119,120,119,0,1,0.195,0,0,0,0,0,0,1,afternoon,afternoon,1,1,58,25,1,0
U017,R0088,C4,meeting,fixed,60,0,-1,0,13,Thu,0,1,60,0,161,161,161,0,0,0.093,0,0,0,0,0,0,1,afternoon,afternoon,1,1,22,80,1,1
U039,R0089,C1,exercise,flexible,60,0,-1,0,11,Mon,0,5,180,120,104,200,104,0,0,0.073,0,0,0,0,0,0,1,morning,morning,1,0,0,0,1,1
U039,R0089,C2,exercise,flexible,60,0,-1,0,22,Wed,0,0,75,15,141,119,119,0,4,0.374,0,0,0,0,0,0,1,morning,night,0,0,0,0,1,0
U039,R0089,C3,exercise,flexible,60,0,-1,0,10,Sun,1,4,150,90,190,111,111,0,4,0.443,0,0,0,0,0,0,1,morning,morning,1,0,0,0,1,0
U039,R0089,C4,exercise,flexible,60,0,-1,0,10,Wed,0,0,75,15,61,156,61,0,5,0.626,0,0,0,0,0,0,1,morning,morning,1,0,0,0,1,0
U004,R0090,C1,study,flexible,90,1,84,1,20,Thu,0,4,120,30,39,111,39,0,5,0.623,1,0,1,0,0,0,1,evening,evening,1,1,66,73,0,0
U004,R0090,C2,study,flexible,90,1,84,1,17,Fri,0,5,150,60,0,85,0,1,6,0.935,1,0,1,0,0,0,1,evening,evening,1,1,38,23,0,0
U004,R0090,C3,study,flexible,90,1,84,0,17,Mon,0,1,135,45,87,94,87,0,3,0.408,1,0,1,0,0,0,1,evening,evening,1,1,72,1,1,1
U004,R0090,C4,study,flexible,90,1,84,1,19,Fri,0,5,120,30,94,0,0,1,7,0.918,1,0,1,0,0,0,1,evening,evening,1,1,39,25,0,0
U029,R0091,C1,chore,flexible,60,0,-1,0,9,Sat,1,2,120,60,92,240,92,0,0,0.165,0,0,0,0,0,0,1,morning,morning,1,0,0,0,1,0
U029,R0091,C2,chore,flexible,60,0,-1,0,9,Tue,0,5,180,120,105,95,95,0,8,0.764,0,0,0,0,0,0,1,morning,morning,1,0,0,0,1,0
U029,R0091,C3,chore,flexible,60,0,-1,0,15,Fri,0,1,150,90,34,12,12,1,3,0.628,0,0,0,0,0,0,1,morning,afternoon,0,0,0,0,1,0
U029,R0091,C4,chore,flexible,60,0,-1,0,15,Mon,0,4,75,15,110,125,110,0,3,0.385,0,0,0,0,0,0,1,morning,afternoon,0,0,0,0,1,1
U040,R0092,C1,personal_task,flexible,90,1,96,0,20,Tue,0,3,105,15,131,217,131,0,4,0.356,1,0,0,0,0,0,1,evening,evening,1,0,0,0,1,1
U040,R0092,C2,personal_task,flexible,90,1,96,1,8,Thu,0,5,105,15,192,157,157,0,3,0.269,1,0,0,0,0,0,1,evening,morning,0,0,0,0,1,0
U040,R0092,C3,personal_task,flexible,90,1,96,0,16,Sat,1,0,150,60,108,97,97,0,1,0.199,1,0,0,0,0,0,1,evening,afternoon,0,0,0,0,1,0
U040,R0092,C4,personal_task,flexible,90,1,96,0,21,Mon,0,2,120,30,220,125,125,0,2,0.232,1,0,0,0,0,0,1,evening,night,0,0,0,0,1,0
U034,R0093,C1,meeting,fixed,60,0,-1,0,12,Fri,0,2,60,0,144,85,85,0,1,0.209,0,0,0,0,0,0,1,afternoon,afternoon,1,1,25,19,1,1
U034,R0093,C2,meeting,fixed,60,0,-1,0,15,Thu,0,1,180,120,156,149,149,0,0,0.02,0,0,0,0,0,0,1,afternoon,afternoon,1,1,19,42,1,0
U034,R0093,C3,meeting,fixed,60,0,-1,0,16,Sat,1,3,105,45,55,57,55,0,5,0.593,0,0,0,0,0,0,1,afternoon,afternoon,1,1,14,24,1,0
U034,R0093,C4,meeting,fixed,60,0,-1,0,14,Sat,1,3,105,45,144,164,144,0,2,0.203,0,0,0,0,0,0,1,afternoon,afternoon,1,1,61,72,1,0
U024,R0094,C1,chore,flexible,90,0,-1,0,18,Sat,1,4,90,0,143,80,80,0,4,0.441,0,0,0,1,0,1,1,evening,evening,1,0,0,0,1,1
U024,R0094,C2,chore,flexible,90,0,-1,0,19,Thu,0,2,135,45,103,130,103,0,1,0.26,0,0,0,1,0,1,1,evening,evening,1,0,0,0,1,0
U024,R0094,C3,chore,flexible,90,0,-1,0,8,Wed,0,1,120,30,44,194,44,0,4,0.588,0,0,0,1,0,1,1,evening,morning,0,0,0,0,1,0
U024,R0094,C4,chore,flexible,90,0,-1,0,18,Thu,0,2,105,15,66,0,0,1,6,0.9,0,0,0,1,0,1,1,evening,evening,1,0,0,0,1,0
U013,R0095,C1,shopping,fixed,90,0,-1,0,18,Sun,1,4,120,30,69,68,68,0,8,0.777,0,0,0,0,0,0,1,evening,evening,1,0,0,0,1,0
U013,R0095,C2,shopping,fixed,90,0,-1,0,22,Thu,0,1,105,15,55,57,55,0,7,0.773,0,0,0,0,0,0,1,evening,night,0,0,0,0,1,0
U013,R0095,C3,shopping,fixed,90,0,-1,0,18,Wed,0,0,180,90,0,0,0,1,6,0.85,0,0,0,0,0,0,1,evening,evening,1,0,0,0,1,0
U013,R0095,C4,shopping,fixed,90,0,-1,0,18,Thu,0,1,180,90,166,101,101,0,2,0.323,0,0,0,0,0,0,1,evening,evening,1,0,0,0,1,1
U035,R0096,C1,meeting,fixed,60,0,-1,0,15,Mon,0,2,90,30,135,209,135,0,2,0.209,0,0,0,0,1,0,1,afternoon,afternoon,1,1,70,46,1,1
U035,R0096,C2,meeting,fixed,60,0,-1,0,12,Thu,0,5,75,15,83,115,83,0,3,0.366,0,0,0,0,1,0,1,afternoon,afternoon,1,1,27,66,1,0
U035,R0096,C3,meeting,fixed,60,0,-1,0,22,Sat,1,0,150,90,137,16,16,0,5,0.644,0,0,0,0,1,0,1,afternoon,night,0,1,76,21,0,0
U035,R0096,C4,meeting,fixed,60,0,-1,0,15,Wed,0,4,120,60,107,18,18,0,4,0.617,0,0,0,0,1,0,1,afternoon,afternoon,1,1,59,38,0,0
U035,R0097,C1,study,fixed,120,1,24,1,12,Sun,1,4,135,15,81,21,21,0,5,0.679,0,0,0,0,0,0,1,afternoon,afternoon,1,1,33,64,0,0
U035,R0097,C2,study,fixed,120,1,24,1,13,Mon,0,5,180,60,175,152,152,0,1,0.169,0,0,0,0,0,0,1,afternoon,afternoon,1,1,74,57,1,0
U035,R0097,C3,study,fixed,120,1,24,1,12,Sat,1,3,180,60,240,110,110,0,1,0.217,0,0,0,0,0,0,1,afternoon,afternoon,1,1,27,74,1,1
U035,R0097,C4,study,fixed,120,1,24,1,14,Mon,0,5,165,45,51,121,51,0,6,0.694,0,0,0,0,0,0,1,afternoon,afternoon,1,1,61,49,0,0
U031,R0098,C1,personal_task,flexible,45,0,-1,0,17,Tue,0,2,105,60,67,13,13,1,5,0.801,0,0,0,0,0,0,1,evening,evening,1,1,89,81,0,0
U031,R0098,C2,personal_task,flexible,45,0,-1,0,9,Mon,0,1,165,120,84,89,84,0,2,0.351,0,0,0,0,0,0,1,evening,morning,0,1,50,26,1,0
U031,R0098,C3,personal_task,flexible,45,0,-1,0,19,Tue,0,2,105,60,184,131,131,0,2,0.226,0,0,0,0,0,0,1,evening,evening,1,1,46,46,1,1
U031,R0098,C4,personal_task,flexible,45,0,-1,0,17,Sun,1,0,60,15,197,74,74,0,2,0.336,0,0,0,0,0,0,1,evening,evening,1,1,64,59,1,0
U003,R0099,C1,study,semi_flexible,60,1,85,0,20,Tue,0,3,120,60,193,132,132,0,3,0.275,0,1,0,0,0,1,1,evening,evening,1,0,0,0,1,0
U003,R0099,C2,study,semi_flexible,60,1,85,0,18,Sat,1,0,120,60,162,154,154,0,7,0.571,0,1,0,0,0,1,1,evening,evening,1,0,0,0,1,1
U003,R0099,C3,study,semi_flexible,60,1,85,0,20,Tue,0,3,90,30,175,99,99,0,2,0.311,0,1,0,0,0,1,1,evening,evening,1,0,0,0,1,0
U003,R0099,C4,study,semi_flexible,60,1,85,1,18,Thu,0,5,60,0,164,190,164,0,1,0.121,0,1,0,0,0,1,1,evening,evening,1,0,0,0,1,0
U031,R0100,C1,chore,semi_flexible,45,0,-1,0,11,Thu,0,4,90,45,122,177,122,0,5,0.404,0,0,0,0,0,0,1,evening,morning,0,1,79,33,1,0
U031,R0100,C2,chore,semi_flexible,45,0,-1,0,18,Fri,0,5,90,45,196,202,196,0,1,0.058,0,0,0,0,0,0,1,evening,evening,1,1,38,40,1,1
U031,R0100,C3,chore,semi_flexible,45,0,-1,0,18,Wed,0,3,105,60,107,140,107,0,4,0.423,0,0,0,0,0,0,1,evening,evening,1,1,67,24,1,0
U031,R0100,C4,chore,semi_flexible,45,0,-1,0,17,Thu,0,4,105,60,240,116,116,0,2,0.239,0,0,0,0,0,0,1,evening,evening,1,1,73,36,1,0
U037,R0101,C1,meeting,semi_flexible,90,1,47,1,22,Wed,0,2,90,0,157,74,74,0,2,0.219,0,1,0,0,0,1,1,morning,night,0,1,74,84,0,0
U037,R0101,C2,meeting,semi_flexible,90,1,47,1,14,Wed,0,2,120,30,63,62,62,0,7,0.697,0,1,0,0,0,1,1,morning,afternoon,0,1,5,75,0,0
U037,R0101,C3,meeting,semi_flexible,90,1,47,1,9,Thu,0,3,135,45,164,133,133,0,4,0.361,0,1,0,0,0,1,1,morning,morning,1,1,23,36,1,0
U037,R0101,C4,meeting,semi_flexible,90,1,47,0,9,Mon,0,0,150,60,35,105,35,0,3,0.514,0,1,0,0,0,1,1,morning,morning,1,1,6,50,1,1
U013,R0102,C1,personal_task,flexible,90,1,88,0,18,Sun,1,1,180,90,60,60,60,0,5,0.563,1,0,0,1,0,0,1,evening,evening,1,1,28,42,1,0
U013,R0102,C2,personal_task,flexible,90,1,88,1,19,Thu,0,5,150,60,141,139,139,0,3,0.265,1,0,0,1,0,0,1,evening,evening,1,1,54,78,1,0
U013,R0102,C3,personal_task,flexible,90,1,88,0,17,Tue,0,3,90,0,140,183,140,0,2,0.201,1,0,0,1,0,0,1,evening,evening,1,1,32,65,1,1
U013,R0102,C4,personal_task,flexible,90,1,88,0,18,Mon,0,2,180,90,80,155,80,0,3,0.423,1,0,0,1,0,0,1,evening,evening,1,1,37,71,1,0
U037,R0103,C1,personal_task,flexible,45,0,-1,0,8,Fri,0,0,45,0,138,240,138,0,1,0.062,1,1,1,0,0,0,1,morning,morning,1,1,59,6,1,0
U037,R0103,C2,personal_task,flexible,45,0,-1,0,7,Tue,0,4,165,120,122,110,110,0,3,0.345,1,1,1,0,0,0,1,morning,morning,1,1,73,45,1,1
U037,R0103,C3,personal_task,flexible,45,0,-1,0,11,Sat,1,1,165,120,97,58,58,0,1,0.338,1,1,1,0,0,0,1,morning,morning,1,1,60,83,0,0
U037,R0103,C4,personal_task,flexible,45,0,-1,0,9,Mon,0,3,105,60,119,156,119,0,4,0.366,1,1,1,0,0,0,1,morning,morning,1,1,52,61,1,0
U024,R0104,C1,personal_task,flexible,45,0,-1,0,10,Thu,0,2,90,45,136,141,136,0,2,0.214,0,1,0,0,0,1,1,evening,morning,0,1,64,45,1,1
U024,R0104,C2,personal_task,flexible,45,0,-1,0,10,Sun,1,5,45,0,110,218,110,0,4,0.445,0,1,0,0,0,1,1,evening,morning,0,1,64,41,1,0
U024,R0104,C3,personal_task,flexible,45,0,-1,0,7,Wed,0,1,75,30,16,84,16,0,7,0.851,0,1,0,0,0,1,1,evening,morning,0,1,53,83,0,0
U024,R0104,C4,personal_task,flexible,45,0,-1,0,18,Sun,1,5,135,90,133,54,54,0,6,0.62,0,1,0,0,0,1,1,evening,evening,1,1,25,59,0,0
U020,R0105,C1,personal_task,flexible,90,1,62,1,16,Mon,0,3,150,60,85,96,85,0,4,0.521,1,0,0,0,0,0,1,evening,afternoon,0,0,0,0,1,0
U020,R0105,C2,personal_task,flexible,90,1,62,0,19,Sat,1,1,180,90,51,99,51,0,2,0.308,1,0,0,0,0,0,1,evening,evening,1,0,0,0,1,0
U020,R0105,C3,personal_task,flexible,90,1,62,1,10,Wed,0,5,90,0,99,70,70,0,1,0.235,1,0,0,0,0,0,1,evening,morning,0,0,0,0,1,0
U020,R0105,C4,personal_task,flexible,90,1,62,0,18,Fri,0,0,135,45,111,92,92,0,4,0.448,1,0,0,0,0,0,1,evening,evening,1,0,0,0,1,1
U002,R0106,C1,chore,flexible,30,0,-1,0,10,Fri,0,3,60,30,104,179,104,0,0,0.089,0,0,0,0,0,0,1,afternoon,morning,0,0,0,0,1,0
U002,R0106,C2,chore,flexible,30,0,-1,0,16,Tue,0,0,45,15,156,153,153,0,3,0.225,0,0,0,0,0,0,1,afternoon,afternoon,1,0,0,0,1,0
U002,R0106,C3,chore,flexible,30,0,-1,0,15,Wed,0,1,180,150,105,137,105,0,3,0.423,0,0,0,0,0,0,1,afternoon,afternoon,1,0,0,0,1,1
U002,R0106,C4,chore,flexible,30,0,-1,0,15,Tue,0,0,90,60,79,94,79,0,2,0.302,0,0,0,0,0,0,1,afternoon,afternoon,1,0,0,0,1,0
U020,R0107,C1,chore,flexible,90,0,-1,0,8,Fri,0,0,90,0,50,175,50,0,4,0.54,0,0,0,0,0,0,1,evening,morning,0,1,69,17,0,0
U020,R0107,C2,chore,flexible,90,0,-1,0,20,Wed,0,5,105,15,135,52,52,0,3,0.403,0,0,0,0,0,0,1,evening,evening,1,1,13,54,0,0
U020,R0107,C3,chore,flexible,90,0,-1,0,19,Sat,1,1,180,90,177,89,89,0,2,0.386,0,0,0,0,0,0,1,evening,evening,1,1,49,74,1,1
U020,R0107,C4,chore,flexible,90,0,-1,0,16,Fri,0,0,180,90,117,190,117,0,0,0.098,0,0,0,0,0,0,1,evening,afternoon,0,1,54,39,1,0
U006,R0108,C1,personal_task,flexible,45,0,-1,0,12,Wed,0,0,135,90,144,124,124,0,4,0.376,0,0,0,0,0,0,1,night,afternoon,0,1,15,7,1,0
U006,R0108,C2,personal_task,flexible,45,0,-1,0,23,Fri,0,2,165,120,158,130,130,0,2,0.183,0,0,0,0,0,0,1,night,night,1,1,41,33,1,0
U006,R0108,C3,personal_task,flexible,45,0,-1,0,16,Wed,0,0,165,120,141,40,40,0,6,0.723,0,0,0,0,0,0,1,night,afternoon,0,1,58,61,0,0
U006,R0108,C4,personal_task,flexible,45,0,-1,0,10,Wed,0,0,90,45,176,170,170,0,1,0.072,0,0,0,0,0,0,1,night,morning,0,1,31,15,1,1
U014,R0109,C1,study,flexible,90,0,-1,0,20,Sun,1,0,180,90,66,92,66,0,8,0.744,1,0,0,0,0,0,1,evening,evening,1,0,0,0,1,0
U014,R0109,C2,study,flexible,90,0,-1,0,21,Tue,0,2,135,45,118,141,118,0,0,0.069,1,0,0,0,0,0,1,evening,night,0,0,0,0,1,0
U014,R0109,C3,study,flexible,90,0,-1,0,19,Sun,1,0,180,90,67,101,67,0,3,0.326,1,0,0,0,0,0,1,evening,evening,1,0,0,0,1,0
U014,R0109,C4,study,flexible,90,0,-1,0,11,Thu,0,4,90,0,170,193,170,0,3,0.234,1,0,0,0,0,0,1,evening,morning,0,0,0,0,1,1
U004,R0110,C1,chore,semi_flexible,120,0,-1,0,17,Fri,0,5,180,60,200,99,99,0,2,0.299,1,0,0,0,0,0,1,evening,evening,1,0,0,0,1,1
U004,R0110,C2,chore,semi_flexible,120,0,-1,0,14,Sun,1,0,165,45,126,67,67,0,3,0.463,1,0,0,0,0,0,1,evening,afternoon,0,0,0,0,1,0
U004,R0110,C3,chore,semi_flexible,120,0,-1,0,7,Mon,0,1,150,30,159,72,72,0,4,0.543,1,0,0,0,0,0,1,evening,morning,0,0,0,0,1,0
U004,R0110,C4,chore,semi_flexible,120,0,-1,0,8,Fri,0,5,180,60,193,127,127,0,3,0.334,1,0,0,0,0,0,1,evening,morning,0,0,0,0,1,0
U034,R0111,C1,chore,semi_flexible,30,1,27,0,13,Thu,0,1,60,30,240,102,102,0,1,0.179,0,1,1,0,0,0,1,afternoon,afternoon,1,0,0,0,1,1
U034,R0111,C2,chore,semi_flexible,30,1,27,1,20,Thu,0,1,75,45,157,110,110,0,1,0.24,0,1,1,0,0,0,1,afternoon,evening,0,0,0,0,1,0
U034,R0111,C3,chore,semi_flexible,30,1,27,0,16,Wed,0,0,60,30,95,138,95,0,5,0.589,0,1,1,0,0,0,1,afternoon,afternoon,1,0,0,0,1,0
U034,R0111,C4,chore,semi_flexible,30,1,27,1,11,Fri,0,2,45,15,175,149,149,0,2,0.147,0,1,1,0,0,0,1,afternoon,morning,0,0,0,0,1,0
U017,R0112,C1,study,flexible,60,1,30,1,18,Thu,0,5,90,30,0,53,0,1,6,0.898,0,0,0,0,0,0,1,afternoon,evening,0,1,14,81,0,0
U017,R0112,C2,study,flexible,60,1,30,1,15,Thu,0,5,180,120,8,169,8,1,6,0.837,0,0,0,0,0,0,1,afternoon,afternoon,1,1,89,68,0,0
U017,R0112,C3,study,flexible,60,1,30,1,15,Thu,0,5,105,45,30,0,0,1,7,0.925,0,0,0,0,0,0,1,afternoon,afternoon,1,1,66,86,0,0
U017,R0112,C4,study,flexible,60,1,30,0,17,Sun,1,1,105,45,36,79,36,0,2,0.458,0,0,0,0,0,0,1,afternoon,evening,0,1,49,78,0,1
U040,R0113,C1,meeting,fixed,60,1,73,1,18,Wed,0,5,180,120,131,67,67,0,3,0.435,0,0,0,0,1,0,0,evening,evening,1,1,22,49,1,0
U040,R0113,C2,meeting,fixed,60,1,73,0,20,Fri,0,0,90,30,158,90,90,0,1,0.218,0,0,0,0,1,0,0,evening,evening,1,1,31,13,1,1
U040,R0113,C3,meeting,fixed,60,1,73,1,17,Wed,0,5,150,90,112,44,44,0,3,0.434,0,0,0,0,1,0,0,evening,evening,1,1,39,40,0,0
U040,R0113,C4,meeting,fixed,60,1,73,0,12,Fri,0,0,120,60,70,124,70,0,5,0.542,0,0,0,0,1,0,0,evening,afternoon,0,1,63,3,0,0
U034,R0114,C1,study,flexible,90,0,-1,0,13,Sat,1,3,150,60,61,128,61,0,4,0.485,1,0,0,0,0,0,1,afternoon,afternoon,1,1,43,80,1,0
U034,R0114,C2,study,flexible,90,0,-1,0,14,Thu,0,1,90,0,132,240,132,0,3,0.35,1,0,0,0,0,0,1,afternoon,afternoon,1,1,75,6,1,0
U034,R0114,C3,study,flexible,90,0,-1,0,15,Sat,1,3,150,60,221,183,183,0,2,0.095,1,0,0,0,0,0,1,afternoon,afternoon,1,1,82,71,1,1
U034,R0114,C4,study,flexible,90,0,-1,0,11,Thu,0,1,135,45,167,169,167,0,2,0.13,1,0,0,0,0,0,1,afternoon,morning,0,1,7,39,1,0
U016,R0115,C1,chore,flexible,45,1,50,0,9,Sun,1,2,135,90,160,88,88,0,2,0.288,1,0,0,0,0,0,1,morning,morning,1,1,63,66,1,0
U016,R0115,C2,chore,flexible,45,1,50,0,7,Sun,1,2,90,45,130,205,130,0,3,0.282,1,0,0,0,0,0,1,morning,morning,1,1,13,2,1,1
U016,R0115,C3,chore,flexible,45,1,50,0,22,Fri,0,0,165,120,134,145,134,0,6,0.582,1,0,0,0,0,0,1,morning,night,0,1,1,40,1,0
U016,R0115,C4,chore,flexible,45,1,50,0,14,Sat,1,1,60,15,23,107,23,0,6,0.724,1,0,0,0,0,0,1,morning,afternoon,0,1,8,6,1,0
U006,R0116,C1,personal_task,flexible,45,0,-1,0,10,Mon,0,1,90,45,230,111,111,0,0,0.162,0,0,0,1,0,0,1,night,morning,0,0,0,0,1,0
U006,R0116,C2,personal_task,flexible,45,0,-1,0,21,Mon,0,1,135,90,91,86,86,0,6,0.532,0,0,0,1,0,0,1,night,night,1,0,0,0,1,0
U006,R0116,C3,personal_task,flexible,45,0,-1,0,8,Wed,0,3,135,90,93,63,63,0,5,0.595,0,0,0,1,0,0,1,night,morning,0,0,0,0,1,1
U006,R0116,C4,personal_task,flexible,45,0,-1,0,19,Mon,0,1,45,0,217,63,63,0,0,0.219,0,0,0,1,0,0,1,night,evening,0,0,0,0,1,0
U033,R0117,C1,chore,flexible,45,0,-1,0,15,Tue,0,0,90,45,154,137,137,0,1,0.144,0,0,0,0,0,0,1,afternoon,afternoon,1,1,79,71,1,1
U033,R0117,C2,chore,flexible,45,0,-1,0,8,Thu,0,2,45,0,188,56,56,0,3,0.441,0,0,0,0,0,0,1,afternoon,morning,0,1,42,43,1,0
U033,R0117,C3,chore,flexible,45,0,-1,0,17,Wed,0,1,90,45,104,94,94,0,2,0.319,0,0,0,0,0,0,1,afternoon,evening,0,1,77,83,1,0
U033,R0117,C4,chore,flexible,45,0,-1,0,10,Tue,0,0,165,120,190,107,107,0,3,0.385,0,0,0,0,0,0,1,afternoon,morning,0,1,73,37,1,0
U034,R0118,C1,personal_task,flexible,30,0,-1,0,14,Fri,0,0,180,150,59,115,59,0,3,0.444,0,0,0,0,0,0,0,afternoon,afternoon,1,0,0,0,1,0
U034,R0118,C2,personal_task,flexible,30,0,-1,0,13,Fri,0,0,120,90,210,240,210,0,1,0.012,0,0,0,0,0,0,0,afternoon,afternoon,1,0,0,0,1,0
U034,R0118,C3,personal_task,flexible,30,0,-1,0,16,Wed,0,5,90,60,122,150,122,0,1,0.195,0,0,0,0,0,0,0,afternoon,afternoon,1,0,0,0,1,1
U034,R0118,C4,personal_task,flexible,30,0,-1,0,12,Mon,0,3,150,120,122,188,122,0,3,0.299,0,0,0,0,0,0,0,afternoon,afternoon,1,0,0,0,1,0
U019,R0119,C1,chore,semi_flexible,60,0,-1,0,20,Tue,0,4,105,45,56,136,56,0,4,0.556,0,0,0,0,0,0,1,evening,evening,1,0,0,0,1,0
U019,R0119,C2,chore,semi_flexible,60,0,-1,0,19,Wed,0,5,90,30,91,43,43,0,7,0.777,0,0,0,0,0,0,1,evening,evening,1,0,0,0,1,0
U019,R0119,C3,chore,semi_flexible,60,0,-1,0,18,Wed,0,5,120,60,115,206,115,0,0,0.101,0,0,0,0,0,0,1,evening,evening,1,0,0,0,1,1
U019,R0119,C4,chore,semi_flexible,60,0,-1,0,17,Wed,0,5,60,0,71,55,55,0,4,0.497,0,0,0,0,0,0,1,evening,evening,1,0,0,0,1,0
U034,R0120,C1,study,flexible,90,0,-1,0,15,Wed,0,0,105,15,148,147,147,0,3,0.28,1,0,0,0,0,1,1,afternoon,afternoon,1,1,51,24,1,0
U034,R0120,C2,study,flexible,90,0,-1,0,21,Sat,1,3,90,0,102,129,102,0,3,0.422,1,0,0,0,0,1,1,afternoon,night,0,1,66,53,1,0
U034,R0120,C3,study,flexible,90,0,-1,0,13,Fri,0,2,150,60,71,2,2,1,6,0.869,1,0,0,0,0,1,1,afternoon,afternoon,1,1,82,47,0,0
U034,R0120,C4,study,flexible,90,0,-1,0,12,Wed,0,0,105,15,92,104,92,0,5,0.543,1,0,0,0,0,1,1,afternoon,afternoon,1,1,63,75,1,1
U028,R0121,C1,shopping,flexible,90,0,-1,0,10,Sat,1,3,90,0,130,149,130,0,2,0.249,0,0,0,0,0,0,1,morning,morning,1,1,7,9,1,1
U028,R0121,C2,shopping,flexible,90,0,-1,0,21,Sat,1,3,90,0,179,82,82,0,1,0.227,0,0,0,0,0,0,1,morning,night,0,1,26,31,1,0
U028,R0121,C3,shopping,flexible,90,0,-1,0,11,Sun,1,4,150,60,157,91,91,0,4,0.396,0,0,0,0,0,0,1,morning,morning,1,1,70,5,1,0
U028,R0121,C4,shopping,flexible,90,0,-1,0,20,Sat,1,3,105,15,151,116,116,0,5,0.503,0,0,0,0,0,0,1,morning,evening,0,1,89,20,1,0
U040,R0122,C1,hospital,fixed,30,0,-1,0,18,Tue,0,0,150,120,138,99,99,0,7,0.676,0,0,0,0,0,0,1,evening,evening,1,0,0,0,1,0
U040,R0122,C2,hospital,fixed,30,0,-1,0,7,Tue,0,0,120,90,107,120,107,0,5,0.537,0,0,0,0,0,0,1,evening,morning,0,0,0,0,1,1
U040,R0122,C3,hospital,fixed,30,0,-1,0,23,Sun,1,5,30,0,164,164,164,0,0,0.031,0,0,0,0,0,0,1,evening,night,0,0,0,0,1,0
U040,R0122,C4,hospital,fixed,30,0,-1,0,10,Sun,1,5,45,15,17,83,17,0,4,0.647,0,0,0,0,0,0,1,evening,morning,0,0,0,0,1,0
U014,R0123,C1,chore,flexible,45,0,-1,0,18,Mon,0,1,90,45,133,191,133,0,5,0.496,0,0,0,0,0,0,1,evening,evening,1,1,16,42,1,0
U014,R0123,C2,chore,flexible,45,0,-1,0,11,Wed,0,3,135,90,1,122,1,1,6,0.877,0,0,0,0,0,0,1,evening,morning,0,1,80,10,0,0
U014,R0123,C3,chore,flexible,45,0,-1,0,20,Thu,0,4,135,90,119,130,119,0,4,0.415,0,0,0,0,0,0,1,evening,evening,1,1,51,36,1,1
U014,R0123,C4,chore,flexible,45,0,-1,0,17,Thu,0,4,135,90,74,138,74,0,4,0.468,0,0,0,0,0,0,1,evening,evening,1,1,51,33,1,0
U003,R0124,C1,study,flexible,90,1,76,0,18,Sun,1,1,150,60,120,125,120,0,2,0.316,0,1,0,0,0,0,1,evening,evening,1,1,80,27,1,1
U003,R0124,C2,study,flexible,90,1,76,0,18,Mon,0,2,105,15,64,142,64,0,6,0.678,0,1,0,0,0,0,1,evening,evening,1,1,8,24,1,0
U003,R0124,C3,study,flexible,90,1,76,0,19,Mon,0,2,135,45,134,81,81,0,3,0.439,0,1,0,0,0,0,1,evening,evening,1,1,64,9,1,0
U003,R0124,C4,study,flexible,90,1,76,1,23,Wed,0,4,90,0,114,197,114,0,2,0.289,0,1,0,0,0,0,1,evening,night,0,1,2,60,1,0
U021,R0125,C1,personal_task,fixed,60,0,-1,0,17,Mon,0,3,60,0,187,167,167,0,3,0.287,0,0,0,0,0,0,1,evening,evening,1,1,15,89,1,1
U021,R0125,C2,personal_task,fixed,60,0,-1,0,18,Sat,1,1,150,90,0,24,0,1,7,0.922,0,0,0,0,0,0,1,evening,evening,1,1,43,14,0,0
U021,R0125,C3,personal_task,fixed,60,0,-1,0,8,Wed,0,5,150,90,63,99,63,0,4,0.524,0,0,0,0,0,0,1,evening,morning,0,1,53,27,1,0
U021,R0125,C4,personal_task,fixed,60,0,-1,0,23,Fri,0,0,60,0,60,87,60,0,6,0.642,0,0,0,0,0,0,1,evening,night,0,1,75,42,0,0
U006,R0126,C1,exercise,semi_flexible,120,0,-1,0,18,Wed,0,5,120,0,124,44,44,0,5,0.59,0,0,0,0,0,0,1,night,evening,0,1,45,74,0,0
U006,R0126,C2,exercise,semi_flexible,120,0,-1,0,23,Mon,0,3,120,0,161,240,161,0,2,0.189,0,0,0,0,0,0,1,night,night,1,1,90,1,1,0
U006,R0126,C3,exercise,semi_flexible,120,0,-1,0,23,Sat,1,1,180,60,156,77,77,0,5,0.542,0,0,0,0,0,0,1,night,night,1,1,81,3,1,1
U006,R0126,C4,exercise,semi_flexible,120,0,-1,0,7,Sat,1,1,150,30,126,143,126,0,5,0.495,0,0,0,0,0,0,1,night,morning,0,1,33,75,1,0
U002,R0127,C1,shopping,fixed,60,0,-1,0,15,Thu,0,3,90,30,1,160,1,1,4,0.677,1,1,0,0,0,1,1,afternoon,afternoon,1,1,4,61,0,0
U002,R0127,C2,shopping,fixed,60,0,-1,0,12,Fri,0,4,120,60,136,189,136,0,4,0.402,1,1,0,0,0,1,1,afternoon,afternoon,1,1,56,60,1,1
U002,R0127,C3,shopping,fixed,60,0,-1,0,12,Thu,0,3,105,45,145,29,29,0,4,0.542,1,1,0,0,0,1,1,afternoon,afternoon,1,1,86,42,0,0
U002,R0127,C4,shopping,fixed,60,0,-1,0,15,Sat,1,5,120,60,145,146,145,0,6,0.46,1,1,0,0,0,1,1,afternoon,afternoon,1,1,6,10,1,0
U021,R0128,C1,shopping,flexible,90,0,-1,0,18,Mon,0,0,180,90,30,47,30,0,8,0.861,0,0,0,1,0,1,1,evening,evening,1,0,0,0,1,0
U021,R0128,C2,shopping,flexible,90,0,-1,0,20,Mon,0,0,150,60,52,110,52,0,7,0.818,0,0,0,1,0,1,1,evening,evening,1,0,0,0,1,1
U021,R0128,C3,shopping,flexible,90,0,-1,0,13,Mon,0,0,180,90,96,157,96,0,7,0.684,0,0,0,1,0,1,1,evening,afternoon,0,0,0,0,1,0
U021,R0128,C4,shopping,flexible,90,0,-1,0,7,Fri,0,4,150,60,101,117,101,0,4,0.508,0,0,0,1,0,1,1,evening,morning,0,0,0,0,1,0
U040,R0129,C1,chore,flexible,90,1,37,0,20,Mon,0,0,180,90,40,57,40,0,4,0.55,1,1,0,0,0,0,1,evening,evening,1,1,30,83,0,1
U040,R0129,C2,chore,flexible,90,1,37,1,17,Wed,0,2,90,0,108,22,22,0,4,0.542,1,1,0,0,0,0,1,evening,evening,1,1,73,9,1,0
U040,R0129,C3,chore,flexible,90,1,37,1,17,Sat,1,5,135,45,73,191,73,0,1,0.163,1,1,0,0,0,0,1,evening,evening,1,1,9,21,1,0
U040,R0129,C4,chore,flexible,90,1,37,0,19,Mon,0,0,90,0,0,148,0,1,4,0.638,1,1,0,0,0,0,1,evening,evening,1,1,10,4,0,0
U022,R0130,C1,shopping,semi_flexible,90,0,-1,0,11,Sun,1,2,135,45,84,92,84,0,5,0.596,0,0,0,0,0,0,1,afternoon,morning,0,1,37,42,1,0
U022,R0130,C2,shopping,semi_flexible,90,0,-1,0,12,Fri,0,0,150,60,83,207,83,0,3,0.392,0,0,0,0,0,0,1,afternoon,afternoon,1,1,86,48,0,0
U022,R0130,C3,shopping,semi_flexible,90,0,-1,0,11,Fri,0,0,105,15,112,23,23,0,2,0.478,0,0,0,0,0,0,1,afternoon,morning,0,1,65,59,0,0
U022,R0130,C4,shopping,semi_flexible,90,0,-1,0,15,Sat,1,1,105,15,240,166,166,0,1,0.044,0,0,0,0,0,0,1,afternoon,afternoon,1,1,62,59,1,1
U030,R0131,C1,personal_task,flexible,90,1,111,1,12,Sun,1,5,105,15,1,86,1,1,5,0.805,0,0,1,0,1,1,1,evening,afternoon,0,0,0,0,1,0
U030,R0131,C2,personal_task,flexible,90,1,111,1,19,Sun,1,5,120,30,172,3,3,1,3,0.646,0,0,1,0,1,1,1,evening,evening,1,0,0,0,1,0
U030,R0131,C3,personal_task,flexible,90,1,111,1,18,Sun,1,5,90,0,93,139,93,0,4,0.422,0,0,1,0,1,1,1,evening,evening,1,0,0,0,1,0
U030,R0131,C4,personal_task,flexible,90,1,111,0,9,Tue,0,0,105,15,36,152,36,0,4,0.56,0,0,1,0,1,1,1,evening,morning,0,0,0,0,1,1
U031,R0132,C1,chore,flexible,30,0,-1,0,20,Fri,0,4,30,0,88,107,88,0,6,0.674,0,0,0,0,0,0,1,evening,evening,1,1,25,14,1,0
U031,R0132,C2,chore,flexible,30,0,-1,0,19,Wed,0,2,90,60,51,168,51,0,3,0.473,0,0,0,0,0,0,1,evening,evening,1,1,39,51,1,0
U031,R0132,C3,chore,flexible,30,0,-1,0,9,Thu,0,3,60,30,45,80,45,0,3,0.384,0,0,0,0,0,0,1,evening,morning,0,1,87,74,0,0
U031,R0132,C4,chore,flexible,30,0,-1,0,18,Wed,0,2,90,60,194,57,57,0,5,0.604,0,0,0,0,0,0,1,evening,evening,1,1,38,2,1,1
U008,R0133,C1,study,semi_flexible,120,0,-1,0,19,Mon,0,5,180,60,124,128,124,0,2,0.257,0,0,0,0,0,0,1,evening,evening,1,0,0,0,1,0
U008,R0133,C2,study,semi_flexible,120,0,-1,0,13,Fri,0,2,180,60,92,128,92,0,1,0.221,0,0,0,0,0,0,1,evening,afternoon,0,0,0,0,1,0
U008,R0133,C3,study,semi_flexible,120,0,-1,0,10,Wed,0,0,180,60,90,212,90,0,0,0.19,0,0,0,0,0,0,1,evening,morning,0,0,0,0,1,0
U008,R0133,C4,study,semi_flexible,120,0,-1,0,18,Wed,0,0,135,15,174,44,44,0,3,0.504,0,0,0,0,0,0,1,evening,evening,1,0,0,0,1,1
U011,R0134,C1,meeting,semi_flexible,120,0,-1,0,17,Thu,0,1,120,0,30,83,30,0,5,0.716,0,1,0,0,0,1,0,afternoon,evening,0,1,6,31,1,0
U011,R0134,C2,meeting,semi_flexible,120,0,-1,0,9,Mon,0,5,120,0,119,158,119,0,1,0.169,0,1,0,0,0,1,0,afternoon,morning,0,1,86,31,1,0
U011,R0134,C3,meeting,semi_flexible,120,0,-1,0,23,Sun,1,4,135,15,239,197,197,0,3,0.144,0,1,0,0,0,1,0,afternoon,night,0,1,34,16,1,1
U011,R0134,C4,meeting,semi_flexible,120,0,-1,0,14,Sun,1,4,120,0,82,126,82,0,3,0.298,0,1,0,0,0,1,0,afternoon,afternoon,1,1,22,76,1,0
U030,R0135,C1,exercise,semi_flexible,90,0,-1,0,18,Sun,1,4,135,45,141,125,125,0,5,0.436,0,0,0,0,0,0,1,evening,evening,1,1,83,9,1,0
U030,R0135,C2,exercise,semi_flexible,90,0,-1,0,17,Sat,1,3,135,45,106,20,20,0,4,0.649,0,0,0,0,0,0,1,evening,evening,1,1,56,39,0,0
U030,R0135,C3,exercise,semi_flexible,90,0,-1,0,16,Fri,0,2,120,30,236,224,224,0,0,0.008,0,0,0,0,0,0,1,evening,afternoon,0,1,80,58,1,1
U030,R0135,C4,exercise,semi_flexible,90,0,-1,0,11,Thu,0,1,105,15,86,206,86,0,3,0.382,0,0,0,0,0,0,1,evening,morning,0,1,39,68,1,0
U021,R0136,C1,study,flexible,60,1,39,1,17,Sat,1,5,60,0,177,195,177,0,4,0.346,0,0,1,0,0,0,1,evening,evening,1,0,0,0,1,0
U021,R0136,C2,study,flexible,60,1,39,0,9,Mon,0,0,75,15,155,209,155,0,0,0.088,0,0,1,0,0,0,1,evening,morning,0,0,0,0,1,1
U021,R0136,C3,study,flexible,60,1,39,1,17,Sat,1,5,90,30,18,25,18,0,6,0.718,0,0,1,0,0,0,1,evening,evening,1,0,0,0,1,0
U021,R0136,C4,study,flexible,60,1,39,0,11,Tue,0,1,60,0,106,193,106,0,0,0.185,0,0,1,0,0,0,1,evening,morning,0,0,0,0,1,0
U024,R0137,C1,study,flexible,90,1,57,1,17,Wed,0,5,105,15,72,129,72,0,3,0.387,0,0,0,0,0,0,1,evening,evening,1,0,0,0,1,0
U024,R0137,C2,study,flexible,90,1,57,1,14,Tue,0,4,105,15,32,0,0,1,5,0.732,0,0,0,0,0,0,1,evening,afternoon,0,0,0,0,1,0
U024,R0137,C3,study,flexible,90,1,57,0,19,Fri,0,0,90,0,81,35,35,0,5,0.676,0,0,0,0,0,0,1,evening,evening,1,0,0,0,1,1
U024,R0137,C4,study,flexible,90,1,57,1,20,Tue,0,4,120,30,30,141,30,0,4,0.622,0,0,0,0,0,0,1,evening,evening,1,0,0,0,1,0
U020,R0138,C1,chore,flexible,45,0,-1,0,12,Sun,1,5,135,90,234,164,164,0,1,0.093,0,0,0,0,0,0,1,evening,afternoon,0,1,23,42,1,0
U020,R0138,C2,chore,flexible,45,0,-1,0,16,Wed,0,1,45,0,111,96,96,0,4,0.415,0,0,0,0,0,0,1,evening,afternoon,0,1,29,81,1,0
U020,R0138,C3,chore,flexible,45,0,-1,0,22,Sun,1,5,105,60,82,130,82,0,5,0.548,0,0,0,0,0,0,1,evening,night,0,1,18,13,1,0
U020,R0138,C4,chore,flexible,45,0,-1,0,19,Fri,0,3,135,90,184,180,180,0,2,0.191,0,0,0,0,0,0,1,evening,evening,1,1,19,82,1,1
U009,R0139,C1,exercise,fixed,60,0,-1,0,19,Fri,0,5,75,15,82,61,61,0,7,0.717,0,0,0,1,0,1,1,morning,evening,0,1,22,87,0,0
U009,R0139,C2,exercise,fixed,60,0,-1,0,23,Sun,1,0,75,15,161,0,0,1,6,0.834,0,0,0,1,0,1,1,morning,night,0,1,73,14,0,0
U009,R0139,C3,exercise,fixed,60,0,-1,0,11,Tue,0,2,120,60,126,204,126,0,2,0.196,0,0,0,1,0,1,1,morning,morning,1,1,79,48,1,1
U009,R0139,C4,exercise,fixed,60,0,-1,0,19,Fri,0,5,120,60,34,100,34,0,4,0.599,0,0,0,1,0,1,1,morning,evening,0,1,2,48,1,0
U015,R0140,C1,personal_task,flexible,90,0,-1,0,21,Fri,0,1,180,90,107,191,107,0,4,0.466,0,0,0,0,0,0,1,afternoon,night,0,1,27,73,1,0
U015,R0140,C2,personal_task,flexible,90,0,-1,0,13,Tue,0,5,90,0,240,188,188,0,0,0.008,0,0,0,0,0,0,1,afternoon,afternoon,1,1,35,75,1,1
U015,R0140,C3,personal_task,flexible,90,0,-1,0,8,Mon,0,4,105,15,164,223,164,0,1,0.099,0,0,0,0,0,0,1,afternoon,morning,0,1,38,46,1,0
U015,R0140,C4,personal_task,flexible,90,0,-1,0,16,Fri,0,1,105,15,124,97,97,0,6,0.579,0,0,0,0,0,0,1,afternoon,afternoon,1,1,37,30,1,0
U011,R0141,C1,study,flexible,90,1,49,0,7,Tue,0,0,120,30,114,74,74,0,0,0.165,0,0,1,0,0,0,1,afternoon,morning,0,0,0,0,1,0
U011,R0141,C2,study,flexible,90,1,49,0,12,Tue,0,0,105,15,28,46,28,0,7,0.864,0,0,1,0,0,0,1,afternoon,afternoon,1,0,0,0,1,1
U011,R0141,C3,study,flexible,90,1,49,0,11,Tue,0,0,135,45,82,82,82,0,3,0.443,0,0,1,0,0,0,1,afternoon,morning,0,0,0,0,1,0
U011,R0141,C4,study,flexible,90,1,49,0,12,Thu,0,2,105,15,77,127,77,0,6,0.648,0,0,1,0,0,0,1,afternoon,afternoon,1,0,0,0,1,0
U006,R0142,C1,meeting,fixed,60,0,-1,0,22,Mon,0,0,60,0,91,162,91,0,2,0.322,0,0,0,0,0,0,1,night,night,1,1,75,32,1,0
U006,R0142,C2,meeting,fixed,60,0,-1,0,20,Thu,0,3,60,0,125,115,115,0,7,0.645,0,0,0,0,0,0,1,night,evening,0,1,66,31,1,0
U006,R0142,C3,meeting,fixed,60,0,-1,0,19,Wed,0,2,180,120,30,187,30,0,4,0.526,0,0,0,0,0,0,1,night,evening,0,1,21,81,0,0
U006,R0142,C4,meeting,fixed,60,0,-1,0,16,Wed,0,2,120,60,192,212,192,0,1,0.055,0,0,0,0,0,0,1,night,afternoon,0,1,7,57,1,1
U026,R0143,C1,meeting,semi_flexible,60,0,-1,0,18,Sun,1,1,150,90,179,142,142,0,4,0.409,0,0,0,0,0,0,1,morning,evening,0,0,0,0,1,0
U026,R0143,C2,meeting,semi_flexible,60,0,-1,0,7,Sat,1,0,75,15,206,61,61,0,3,0.424,0,0,0,0,0,0,1,morning,morning,1,0,0,0,1,1
U026,R0143,C3,meeting,semi_flexible,60,0,-1,0,8,Wed,0,4,60,0,136,2,2,1,4,0.688,0,0,0,0,0,0,1,morning,morning,1,0,0,0,1,0
U026,R0143,C4,meeting,semi_flexible,60,0,-1,0,11,Mon,0,2,120,60,140,89,89,0,3,0.391,0,0,0,0,0,0,1,morning,morning,1,0,0,0,1,0
U037,R0144,C1,study,flexible,120,0,-1,0,14,Sat,1,5,120,0,159,90,90,0,3,0.288,0,0,0,0,0,0,1,morning,afternoon,0,0,0,0,1,0
U037,R0144,C2,study,flexible,120,0,-1,0,7,Thu,0,3,135,15,142,114,114,0,4,0.413,0,0,0,0,0,0,1,morning,morning,1,0,0,0,1,1
U037,R0144,C3,study,flexible,120,0,-1,0,19,Thu,0,3,135,15,240,146,146,0,3,0.253,0,0,0,0,0,0,1,morning,evening,0,0,0,0,1,0
U037,R0144,C4,study,flexible,120,0,-1,0,15,Sat,1,5,165,45,104,158,104,0,2,0.274,0,0,0,0,0,0,1,morning,afternoon,0,0,0,0,1,0
U034,R0145,C1,meeting,semi_flexible,60,0,-1,0,16,Sat,1,3,75,15,200,128,128,0,1,0.137,0,0,0,0,0,0,1,afternoon,afternoon,1,1,29,44,1,1
U034,R0145,C2,meeting,semi_flexible,60,0,-1,0,16,Sun,1,4,150,90,0,188,0,1,6,0.953,0,0,0,0,0,0,1,afternoon,afternoon,1,1,1,53,0,0
U034,R0145,C3,meeting,semi_flexible,60,0,-1,0,11,Sat,1,3,90,30,199,148,148,0,1,0.097,0,0,0,0,0,0,1,afternoon,morning,0,1,81,81,1,0
U034,R0145,C4,meeting,semi_flexible,60,0,-1,0,23,Sat,1,3,60,0,102,88,88,0,4,0.486,0,0,0,0,0,0,1,afternoon,night,0,1,30,35,1,0
U039,R0146,C1,personal_task,flexible,30,1,97,0,18,Fri,0,3,30,0,162,66,66,0,4,0.575,0,0,1,0,0,1,1,morning,evening,0,1,29,39,1,0
U039,R0146,C2,personal_task,flexible,30,1,97,0,10,Tue,0,0,180,150,169,207,169,0,3,0.286,0,0,1,0,0,1,1,morning,morning,1,1,2,79,1,1
U039,R0146,C3,personal_task,flexible,30,1,97,0,19,Fri,0,3,180,150,40,78,40,0,7,0.695,0,0,1,0,0,1,1,morning,evening,0,1,40,57,0,0
U039,R0146,C4,personal_task,flexible,30,1,97,0,8,Thu,0,2,150,120,27,216,27,0,1,0.353,0,0,1,0,0,1,1,morning,morning,1,1,19,78,0,0
U025,R0147,C1,shopping,flexible,45,0,-1,0,19,Thu,0,2,135,90,143,108,108,0,3,0.38,0,0,0,0,0,0,1,evening,evening,1,1,80,55,1,0
U025,R0147,C2,shopping,flexible,45,0,-1,0,18,Sat,1,4,90,45,157,121,121,0,3,0.349,0,0,0,0,0,0,1,evening,evening,1,1,9,28,1,0
U025,R0147,C3,shopping,flexible,45,0,-1,0,11,Sat,1,4,165,120,78,171,78,0,5,0.541,0,0,0,0,0,0,1,evening,morning,0,1,52,80,1,1
U025,R0147,C4,shopping,flexible,45,0,-1,0,18,Fri,0,3,105,60,138,223,138,0,4,0.371,0,0,0,0,0,0,1,evening,evening,1,1,70,70,1,0
U040,R0148,C1,meeting,semi_flexible,120,1,88,0,9,Thu,0,2,150,30,115,158,115,0,1,0.272,0,0,0,0,0,0,1,evening,morning,0,1,36,73,1,0
U040,R0148,C2,meeting,semi_flexible,120,1,88,0,19,Fri,0,3,135,15,122,58,58,0,7,0.762,0,0,0,0,0,0,1,evening,evening,1,1,79,17,1,0
U040,R0148,C3,meeting,semi_flexible,120,1,88,0,18,Tue,0,0,120,0,159,114,114,0,2,0.272,0,0,0,0,0,0,1,evening,evening,1,1,87,17,1,0
U040,R0148,C4,meeting,semi_flexible,120,1,88,0,19,Fri,0,3,120,0,162,121,121,0,1,0.179,0,0,0,0,0,0,1,evening,evening,1,1,70,72,1,1
U022,R0149,C1,meeting,semi_flexible,90,0,-1,0,16,Wed,0,0,180,90,240,126,126,0,0,0.132,0,0,0,0,0,0,1,afternoon,afternoon,1,1,46,34,1,1
U022,R0149,C2,meeting,semi_flexible,90,0,-1,0,7,Sat,1,3,135,45,119,117,117,0,8,0.774,0,0,0,0,0,0,1,afternoon,morning,0,1,89,7,1,0
U022,R0149,C3,meeting,semi_flexible,90,0,-1,0,20,Thu,0,1,90,0,230,240,230,0,2,0.164,0,0,0,0,0,0,1,afternoon,evening,0,1,45,56,1,0
U022,R0149,C4,meeting,semi_flexible,90,0,-1,0,19,Sun,1,4,105,15,62,103,62,0,5,0.528,0,0,0,0,0,0,1,afternoon,evening,0,1,84,89,0,0
U039,R0150,C1,shopping,semi_flexible,120,0,-1,0,7,Tue,0,2,120,0,168,224,168,0,0,0.0,0,0,0,0,0,0,1,morning,morning,1,1,24,47,1,1
U039,R0150,C2,shopping,semi_flexible,120,0,-1,0,8,Fri,0,5,165,45,145,73,73,0,2,0.306,0,0,0,0,0,0,1,morning,morning,1,1,74,20,1,0
U039,R0150,C3,shopping,semi_flexible,120,0,-1,0,8,Tue,0,2,165,45,121,23,23,0,6,0.733,0,0,0,0,0,0,1,morning,morning,1,1,73,66,0,0
U039,R0150,C4,shopping,semi_flexible,120,0,-1,0,7,Thu,0,4,120,0,240,35,35,0,3,0.458,0,0,0,0,0,0,1,morning,morning,1,1,45,69,0,0
U025,R0151,C1,exercise,semi_flexible,30,0,-1,0,16,Sat,1,2,90,60,55,64,55,0,5,0.591,0,0,1,0,1,0,1,evening,afternoon,0,1,53,34,0,0
U025,R0151,C2,exercise,semi_flexible,30,0,-1,0,10,Tue,0,5,150,120,235,240,235,0,0,0.03,0,0,1,0,1,0,1,evening,morning,0,1,36,88,1,0
U025,R0151,C3,exercise,semi_flexible,30,0,-1,0,21,Tue,0,5,150,120,178,128,128,0,2,0.242,0,0,1,0,1,0,1,evening,night,0,1,89,38,1,0
U025,R0151,C4,exercise,semi_flexible,30,0,-1,0,19,Sat,1,2,75,45,82,120,82,0,5,0.606,0,0,1,0,1,0,1,evening,evening,1,1,21,22,1,1
U031,R0152,C1,personal_task,semi_flexible,90,0,-1,0,20,Sat,1,5,90,0,50,132,50,0,4,0.491,0,0,0,0,0,0,1,evening,evening,1,0,0,0,1,0
U031,R0152,C2,personal_task,semi_flexible,90,0,-1,0,18,Mon,0,0,150,60,158,124,124,0,2,0.252,0,0,0,0,0,0,1,evening,evening,1,0,0,0,1,1
U031,R0152,C3,personal_task,semi_flexible,90,0,-1,0,19,Mon,0,0,180,90,195,89,89,0,0,0.136,0,0,0,0,0,0,1,evening,evening,1,0,0,0,1,0
U031,R0152,C4,personal_task,semi_flexible,90,0,-1,0,20,Wed,0,2,120,30,6,8,6,1,5,0.758,0,0,0,0,0,0,1,evening,evening,1,0,0,0,1,0
U013,R0153,C1,personal_task,flexible,45,0,-1,0,20,Sat,1,4,45,0,120,60,60,0,8,0.796,0,0,0,0,0,0,1,evening,evening,1,1,4,3,1,0
U013,R0153,C2,personal_task,flexible,45,0,-1,0,17,Thu,0,2,165,120,28,125,28,0,5,0.617,0,0,0,0,0,0,1,evening,evening,1,1,71,82,0,0
U013,R0153,C3,personal_task,flexible,45,0,-1,0,17,Sat,1,4,60,15,240,116,116,0,2,0.272,0,0,0,0,0,0,1,evening,evening,1,1,46,59,1,0
U013,R0153,C4,personal_task,flexible,45,0,-1,0,17,Sat,1,4,135,90,78,158,78,0,8,0.809,0,0,0,0,0,0,1,evening,evening,1,1,17,58,1,1
U015,R0154,C1,chore,flexible,45,0,-1,0,20,Sat,1,5,105,60,174,0,0,1,4,0.734,0,0,0,0,0,0,0,afternoon,evening,0,1,48,55,0,0
U015,R0154,C2,chore,flexible,45,0,-1,0,22,Mon,0,0,105,60,162,218,162,0,0,0.069,0,0,0,0,0,0,0,afternoon,night,0,1,19,2,1,1
U015,R0154,C3,chore,flexible,45,0,-1,0,12,Mon,0,0,75,30,0,110,0,1,7,0.906,0,0,0,0,0,0,0,afternoon,afternoon,1,1,57,31,0,0
U015,R0154,C4,chore,flexible,45,0,-1,0,10,Mon,0,0,135,90,145,193,145,0,3,0.23,0,0,0,0,0,0,0,afternoon,morning,0,1,14,65,1,0
U031,R0155,C1,meeting,flexible,90,1,22,0,8,Fri,0,0,120,30,144,121,121,0,3,0.35,0,1,0,0,0,1,1,evening,morning,0,1,58,31,1,0
U031,R0155,C2,meeting,flexible,90,1,22,1,20,Mon,0,3,150,60,163,144,144,0,1,0.124,0,1,0,0,0,1,1,evening,evening,1,1,11,36,1,0
U031,R0155,C3,meeting,flexible,90,1,22,1,18,Sat,1,1,180,90,0,96,0,1,8,0.964,0,1,0,0,0,1,1,evening,evening,1,1,79,66,0,0
U031,R0155,C4,meeting,flexible,90,1,22,0,20,Fri,0,0,150,60,178,148,148,0,3,0.26,0,1,0,0,0,1,1,evening,evening,1,1,57,38,1,1
U018,R0156,C1,personal_task,flexible,120,0,-1,0,10,Thu,0,1,150,30,135,121,121,0,2,0.237,0,1,0,0,0,0,1,morning,morning,1,0,0,0,1,1
U018,R0156,C2,personal_task,flexible,120,0,-1,0,16,Sun,1,4,180,60,99,84,84,0,5,0.557,0,1,0,0,0,0,1,morning,afternoon,0,0,0,0,1,0
U018,R0156,C3,personal_task,flexible,120,0,-1,0,19,Fri,0,2,180,60,45,119,45,0,6,0.654,0,1,0,0,0,0,1,morning,evening,0,0,0,0,1,0
U018,R0156,C4,personal_task,flexible,120,0,-1,0,22,Fri,0,2,150,30,41,149,41,0,6,0.675,0,1,0,0,0,0,1,morning,night,0,0,0,0,1,0
U012,R0157,C1,meeting,fixed,60,0,-1,0,21,Tue,0,5,60,0,8,74,8,1,5,0.764,0,0,1,1,0,0,1,night,night,1,1,19,59,0,0
U012,R0157,C2,meeting,fixed,60,0,-1,0,21,Fri,0,1,90,30,66,116,66,0,4,0.455,0,0,1,1,0,0,1,night,night,1,1,68,52,0,0
U012,R0157,C3,meeting,fixed,60,0,-1,0,10,Sun,1,3,90,30,117,175,117,0,1,0.238,0,0,1,1,0,0,1,night,morning,0,1,67,40,1,0
U012,R0157,C4,meeting,fixed,60,0,-1,0,10,Fri,0,1,60,0,103,178,103,0,1,0.124,0,0,1,1,0,0,1,night,morning,0,1,13,68,1,1
U022,R0158,C1,personal_task,flexible,90,0,-1,0,21,Sun,1,5,150,60,185,178,178,0,1,0.055,0,1,1,0,0,1,1,afternoon,night,0,0,0,0,1,1
U022,R0158,C2,personal_task,flexible,90,0,-1,0,13,Fri,0,3,105,15,29,135,29,0,4,0.535,0,1,1,0,0,1,1,afternoon,afternoon,1,0,0,0,1,0
U022,R0158,C3,personal_task,flexible,90,0,-1,0,13,Thu,0,2,135,45,173,57,57,0,4,0.504,0,1,1,0,0,1,1,afternoon,afternoon,1,0,0,0,1,0
U022,R0158,C4,personal_task,flexible,90,0,-1,0,12,Thu,0,2,90,0,179,61,61,0,5,0.629,0,1,1,0,0,1,1,afternoon,afternoon,1,0,0,0,1,0
U008,R0159,C1,chore,flexible,45,1,48,1,18,Sun,1,4,60,15,70,129,70,0,0,0.197,0,0,0,0,0,0,1,evening,evening,1,1,61,67,0,1
U008,R0159,C2,chore,flexible,45,1,48,1,15,Sun,1,4,90,45,43,100,43,0,4,0.511,0,0,0,0,0,0,1,evening,afternoon,0,1,2,89,1,0
U008,R0159,C3,chore,flexible,45,1,48,1,18,Sat,1,3,135,90,182,186,182,0,4,0.317,0,0,0,0,0,0,1,evening,evening,1,1,28,5,1,0
U008,R0159,C4,chore,flexible,45,1,48,1,19,Fri,0,2,45,0,203,86,86,0,5,0.593,0,0,0,0,0,0,1,evening,evening,1,1,79,49,1,0
U015,R0160,C1,study,semi_flexible,90,0,-1,0,16,Mon,0,2,105,15,73,45,45,0,7,0.709,0,1,1,1,0,1,1,afternoon,afternoon,1,0,0,0,1,0
U015,R0160,C2,study,semi_flexible,90,0,-1,0,14,Sun,1,1,135,45,237,167,167,0,0,0.028,0,1,1,1,0,1,1,afternoon,afternoon,1,0,0,0,1,1
U015,R0160,C3,study,semi_flexible,90,0,-1,0,13,Wed,0,4,135,45,98,0,0,1,7,0.892,0,1,1,1,0,1,1,afternoon,afternoon,1,0,0,0,1,0
U015,R0160,C4,study,semi_flexible,90,0,-1,0,8,Wed,0,4,105,15,80,140,80,0,1,0.259,0,1,1,1,0,1,1,afternoon,morning,0,0,0,0,1,0
U006,R0161,C1,meeting,semi_flexible,120,1,110,0,9,Thu,0,3,150,30,135,210,135,0,3,0.243,0,1,0,0,1,1,1,night,morning,0,0,0,0,1,0
U006,R0161,C2,meeting,semi_flexible,120,1,110,0,22,Thu,0,3,180,60,47,0,0,1,6,0.865,0,1,0,0,1,1,1,night,night,1,0,0,0,1,0
U006,R0161,C3,meeting,semi_flexible,120,1,110,0,23,Thu,0,3,150,30,0,37,0,1,8,0.97,0,1,0,0,1,1,1,night,night,1,0,0,0,1,0
U006,R0161,C4,meeting,semi_flexible,120,1,110,0,18,Thu,0,3,165,45,200,181,181,0,0,0.008,0,1,0,0,1,1,1,night,evening,0,0,0,0,1,1
U016,R0162,C1,chore,flexible,45,0,-1,0,16,Fri,0,2,165,120,108,163,108,0,0,0.18,0,0,0,0,0,0,1,morning,afternoon,0,1,85,80,1,0
U016,R0162,C2,chore,flexible,45,0,-1,0,7,Fri,0,2,105,60,106,0,0,1,7,0.914,0,0,0,0,0,0,1,morning,morning,1,1,45,65,0,0
U016,R0162,C3,chore,flexible,45,0,-1,0,19,Mon,0,5,105,60,159,131,131,0,2,0.28,0,0,0,0,0,0,1,morning,evening,0,1,88,63,1,0
U016,R0162,C4,chore,flexible,45,0,-1,0,9,Fri,0,2,90,45,138,105,105,0,5,0.519,0,0,0,0,0,0,1,morning,morning,1,1,19,39,1,1
U023,R0163,C1,personal_task,flexible,30,0,-1,0,14,Mon,0,2,60,30,38,0,0,1,8,0.926,0,0,0,0,0,0,1,night,afternoon,0,1,24,60,0,0
U023,R0163,C2,personal_task,flexible,30,0,-1,0,20,Wed,0,4,30,0,0,131,0,1,6,0.768,0,0,0,0,0,0,1,night,evening,0,1,36,33,0,0
U023,R0163,C3,personal_task,flexible,30,0,-1,0,22,Tue,0,3,75,45,68,67,67,0,4,0.542,0,0,0,0,0,0,1,night,night,1,1,22,21,1,0
U023,R0163,C4,personal_task,flexible,30,0,-1,0,23,Tue,0,3,90,60,153,100,100,0,4,0.458,0,0,0,0,0,0,1,night,night,1,1,60,42,1,1
U001,R0164,C1,hospital,fixed,30,0,-1,0,23,Thu,0,0,75,45,144,101,101,0,1,0.206,1,0,0,0,0,1,1,evening,night,0,1,71,59,1,0
U001,R0164,C2,hospital,fixed,30,0,-1,0,18,Thu,0,0,30,0,166,150,150,0,3,0.285,1,0,0,0,0,1,1,evening,evening,1,1,74,3,1,1
U001,R0164,C3,hospital,fixed,30,0,-1,0,17,Sat,1,2,150,120,52,149,52,0,7,0.73,1,0,0,0,0,1,1,evening,evening,1,1,78,58,0,0
U001,R0164,C4,hospital,fixed,30,0,-1,0,20,Sun,1,3,150,120,0,29,0,1,7,0.938,1,0,0,0,0,1,1,evening,evening,1,1,24,53,0,0
U005,R0165,C1,shopping,semi_flexible,90,0,-1,0,8,Mon,0,4,105,15,59,233,59,0,3,0.408,0,0,1,0,0,0,1,morning,morning,1,1,62,47,0,0
U005,R0165,C2,shopping,semi_flexible,90,0,-1,0,9,Mon,0,4,135,45,139,80,80,0,2,0.318,0,0,1,0,0,0,1,morning,morning,1,1,83,77,0,0
U005,R0165,C3,shopping,semi_flexible,90,0,-1,0,11,Tue,0,5,90,0,181,130,130,0,2,0.193,0,0,1,0,0,0,1,morning,morning,1,1,45,5,1,0
U005,R0165,C4,shopping,semi_flexible,90,0,-1,0,7,Fri,0,1,105,15,111,55,55,0,2,0.354,0,0,1,0,0,0,1,morning,morning,1,1,9,20,1,1
U028,R0166,C1,meeting,fixed,45,0,-1,0,17,Mon,0,5,105,60,122,223,122,0,3,0.354,0,0,0,0,0,0,1,morning,evening,0,1,83,71,1,0
U028,R0166,C2,meeting,fixed,45,0,-1,0,11,Fri,0,2,60,15,120,162,120,0,5,0.388,0,0,0,0,0,0,1,morning,morning,1,1,88,39,1,0
U028,R0166,C3,meeting,fixed,45,0,-1,0,12,Fri,0,2,135,90,123,121,121,0,3,0.354,0,0,0,0,0,0,1,morning,afternoon,0,1,41,54,1,0
U028,R0166,C4,meeting,fixed,45,0,-1,0,11,Wed,0,0,165,120,189,105,105,0,2,0.252,0,0,0,0,0,0,1,morning,morning,1,1,26,16,1,1
U024,R0167,C1,hospital,fixed,30,0,-1,0,17,Mon,0,5,150,120,163,67,67,0,0,0.184,0,0,1,1,0,0,1,evening,evening,1,1,3,86,0,0
U024,R0167,C2,hospital,fixed,30,0,-1,0,7,Wed,0,0,180,150,78,39,39,0,7,0.728,0,0,1,1,0,0,1,evening,morning,0,1,67,64,0,0
U024,R0167,C3,hospital,fixed,30,0,-1,0,18,Sat,1,3,60,30,130,66,66,0,5,0.569,0,0,1,1,0,0,1,evening,evening,1,1,19,38,1,0
U024,R0167,C4,hospital,fixed,30,0,-1,0,20,Wed,0,0,120,90,46,79,46,0,4,0.507,0,0,1,1,0,0,1,evening,evening,1,1,32,32,1,1
U016,R0168,C1,meeting,fixed,90,0,-1,0,11,Wed,0,5,180,90,108,117,108,0,3,0.315,0,0,0,1,0,0,1,morning,morning,1,0,0,0,1,0
U016,R0168,C2,meeting,fixed,90,0,-1,0,11,Fri,0,0,105,15,123,155,123,0,3,0.301,0,0,0,1,0,0,1,morning,morning,1,0,0,0,1,1
U016,R0168,C3,meeting,fixed,90,0,-1,0,10,Sat,1,1,105,15,97,156,97,0,4,0.472,0,0,0,1,0,0,1,morning,morning,1,0,0,0,1,0
U016,R0168,C4,meeting,fixed,90,0,-1,0,10,Fri,0,0,150,60,105,0,0,1,5,0.782,0,0,0,1,0,0,1,morning,morning,1,0,0,0,1,0
U015,R0169,C1,exercise,flexible,60,0,-1,0,11,Thu,0,1,180,120,213,149,149,0,1,0.087,0,1,0,0,0,1,1,afternoon,morning,0,1,64,74,1,1
U015,R0169,C2,exercise,flexible,60,0,-1,0,10,Wed,0,0,75,15,99,99,99,0,4,0.434,0,1,0,0,0,1,1,afternoon,morning,0,1,74,76,1,0
U015,R0169,C3,exercise,flexible,60,0,-1,0,16,Fri,0,2,120,60,39,0,0,1,7,0.921,0,1,0,0,0,1,1,afternoon,afternoon,1,1,36,68,0,0
U015,R0169,C4,exercise,flexible,60,0,-1,0,21,Thu,0,1,120,60,114,30,30,0,6,0.776,0,1,0,0,0,1,1,afternoon,night,0,1,30,78,0,0
U014,R0170,C1,shopping,semi_flexible,120,0,-1,0,16,Sat,1,5,165,45,171,95,95,0,5,0.563,0,0,1,0,0,0,1,evening,afternoon,0,1,46,69,1,0
U014,R0170,C2,shopping,semi_flexible,120,0,-1,0,12,Tue,0,1,165,45,203,116,116,0,2,0.349,0,0,1,0,0,0,1,evening,afternoon,0,1,17,71,1,0
U014,R0170,C3,shopping,semi_flexible,120,0,-1,0,12,Wed,0,2,180,60,37,179,37,0,4,0.571,0,0,1,0,0,0,1,evening,afternoon,0,1,72,29,0,0
U014,R0170,C4,shopping,semi_flexible,120,0,-1,0,20,Fri,0,4,120,0,209,186,186,0,1,0.088,0,0,1,0,0,0,1,evening,evening,1,1,44,54,1,1
U034,R0171,C1,study,flexible,120,1,63,1,16,Mon,0,3,180,60,66,158,66,0,4,0.503,0,0,0,0,0,0,1,afternoon,afternoon,1,1,40,85,1,0
U034,R0171,C2,study,flexible,120,1,63,0,12,Fri,0,0,180,60,27,78,27,0,8,0.836,0,0,0,0,0,0,1,afternoon,afternoon,1,1,11,33,1,1
U034,R0171,C3,study,flexible,120,1,63,0,19,Sun,1,2,120,0,76,58,58,0,2,0.351,0,0,0,0,0,0,1,afternoon,evening,0,1,63,55,0,0
U034,R0171,C4,study,flexible,120,1,63,1,14,Mon,0,3,150,30,32,155,32,0,7,0.758,0,0,0,0,0,0,1,afternoon,afternoon,1,1,74,13,0,0
U014,R0172,C1,meeting,fixed,120,1,102,1,20,Mon,0,4,180,60,83,73,73,0,4,0.497,0,0,0,0,0,0,1,evening,evening,1,1,82,86,0,0
U014,R0172,C2,meeting,fixed,120,1,102,1,9,Tue,0,5,135,15,105,37,37,0,3,0.488,0,0,0,0,0,0,1,evening,morning,0,1,52,85,0,0
U014,R0172,C3,meeting,fixed,120,1,102,0,20,Sun,1,3,180,60,174,84,84,0,3,0.442,0,0,0,0,0,0,1,evening,evening,1,1,88,40,1,1
U014,R0172,C4,meeting,fixed,120,1,102,1,22,Tue,0,5,120,0,169,181,169,0,2,0.174,0,0,0,0,0,0,1,evening,night,0,1,75,39,1,0
U031,R0173,C1,exercise,semi_flexible,45,0,-1,0,22,Fri,0,3,75,30,19,158,19,0,6,0.702,0,0,0,0,0,0,1,evening,night,0,1,88,62,0,0
U031,R0173,C2,exercise,semi_flexible,45,0,-1,0,18,Thu,0,2,60,15,150,110,110,0,3,0.376,0,0,0,0,0,0,1,evening,evening,1,1,81,18,1,1
U031,R0173,C3,exercise,semi_flexible,45,0,-1,0,23,Sun,1,5,60,15,51,121,51,0,4,0.534,0,0,0,0,0,0,1,evening,night,0,1,53,21,0,0
U031,R0173,C4,exercise,semi_flexible,45,0,-1,0,20,Fri,0,3,60,15,90,74,74,0,5,0.568,0,0,0,0,0,0,1,evening,evening,1,1,10,84,0,0
U017,R0174,C1,personal_task,flexible,30,0,-1,0,15,Sat,1,0,90,60,47,162,47,0,2,0.328,0,0,0,0,0,0,1,afternoon,afternoon,1,0,0,0,1,0
U017,R0174,C2,personal_task,flexible,30,0,-1,0,16,Sun,1,1,45,15,158,180,158,0,5,0.373,0,0,0,0,0,0,1,afternoon,afternoon,1,0,0,0,1,0
U017,R0174,C3,personal_task,flexible,30,0,-1,0,9,Thu,0,5,75,45,28,113,28,0,6,0.76,0,0,0,0,0,0,1,afternoon,morning,0,0,0,0,1,0
U017,R0174,C4,personal_task,flexible,30,0,-1,0,13,Sun,1,1,150,120,184,166,166,0,1,0.133,0,0,0,0,0,0,1,afternoon,afternoon,1,0,0,0,1,1
U028,R0175,C1,personal_task,flexible,30,0,-1,0,7,Wed,0,2,75,45,152,176,152,0,0,0.028,0,0,0,1,0,0,1,morning,morning,1,1,35,55,1,1
U028,R0175,C2,personal_task,flexible,30,0,-1,0,9,Sat,1,5,150,120,150,87,87,0,2,0.372,0,0,0,1,0,0,1,morning,morning,1,1,4,7,1,0
U028,R0175,C3,personal_task,flexible,30,0,-1,0,22,Wed,0,2,90,60,140,154,140,0,7,0.611,0,0,0,1,0,0,1,morning,night,0,1,87,78,1,0
U028,R0175,C4,personal_task,flexible,30,0,-1,0,19,Wed,0,2,120,90,217,173,173,0,2,0.257,0,0,0,1,0,0,1,morning,evening,0,1,70,84,1,0
U003,R0176,C1,chore,flexible,30,1,75,0,19,Wed,0,2,150,120,139,237,139,0,2,0.272,0,0,0,0,0,0,1,evening,evening,1,1,61,13,1,0
U003,R0176,C2,chore,flexible,30,1,75,0,19,Wed,0,2,150,120,194,211,194,0,1,0.0,0,0,0,0,0,0,1,evening,evening,1,1,9,88,1,0
U003,R0176,C3,chore,flexible,30,1,75,0,18,Tue,0,1,45,15,114,169,114,0,2,0.225,0,0,0,0,0,0,1,evening,evening,1,1,28,67,1,0
U003,R0176,C4,chore,flexible,30,1,75,0,17,Tue,0,1,90,60,126,240,126,0,0,0.041,0,0,0,0,0,0,1,evening,evening,1,1,77,63,1,1
U031,R0177,C1,study,flexible,45,1,61,1,13,Sun,1,5,60,15,96,134,96,0,4,0.474,1,0,0,1,0,0,1,evening,afternoon,0,0,0,0,1,0
U031,R0177,C2,study,flexible,45,1,61,1,19,Fri,0,3,135,90,159,83,83,0,2,0.32,1,0,0,1,0,0,1,evening,evening,1,0,0,0,1,0
U031,R0177,C3,study,flexible,45,1,61,0,20,Thu,0,2,135,90,152,1,1,1,7,0.954,1,0,0,1,0,0,1,evening,evening,1,0,0,0,1,0
U031,R0177,C4,study,flexible,45,1,61,0,18,Wed,0,1,135,90,50,102,50,0,3,0.436,1,0,0,1,0,0,1,evening,evening,1,0,0,0,1,1
U011,R0178,C1,personal_task,flexible,90,1,79,0,14,Thu,0,3,90,0,218,155,155,0,3,0.242,0,0,0,1,0,1,1,afternoon,afternoon,1,0,0,0,1,1
U011,R0178,C2,personal_task,flexible,90,1,79,1,19,Fri,0,4,150,60,0,52,0,1,8,1.0,0,0,0,1,0,1,1,afternoon,evening,0,0,0,0,1,0
U011,R0178,C3,personal_task,flexible,90,1,79,0,21,Thu,0,3,180,90,78,144,78,0,2,0.301,0,0,0,1,0,1,1,afternoon,night,0,0,0,0,1,0
U011,R0178,C4,personal_task,flexible,90,1,79,1,13,Fri,0,4,135,45,84,69,69,0,2,0.371,0,0,0,1,0,1,1,afternoon,afternoon,1,0,0,0,1,0
U003,R0179,C1,exercise,flexible,60,0,-1,0,14,Mon,0,0,120,60,86,78,78,0,5,0.538,0,0,0,0,0,0,1,evening,afternoon,0,1,37,85,0,0
U003,R0179,C2,exercise,flexible,60,0,-1,0,20,Fri,0,4,60,0,205,133,133,0,3,0.29,0,0,0,0,0,0,1,evening,evening,1,1,29,56,1,1
U003,R0179,C3,exercise,flexible,60,0,-1,0,20,Fri,0,4,75,15,40,21,21,0,8,0.933,0,0,0,0,0,0,1,evening,evening,1,1,27,81,0,0
U003,R0179,C4,exercise,flexible,60,0,-1,0,16,Fri,0,4,105,45,9,108,9,1,5,0.764,0,0,0,0,0,0,1,evening,afternoon,0,1,59,1,0,0
U016,R0180,C1,chore,flexible,90,0,-1,0,21,Thu,0,3,120,30,70,119,70,0,6,0.676,1,0,0,0,0,1,1,morning,night,0,1,70,10,0,0
U016,R0180,C2,chore,flexible,90,0,-1,0,22,Fri,0,4,120,30,166,57,57,0,6,0.674,1,0,0,0,0,1,1,morning,night,0,1,13,83,0,0
U016,R0180,C3,chore,flexible,90,0,-1,0,7,Wed,0,2,180,90,216,122,122,0,1,0.205,1,0,0,0,0,1,1,morning,morning,1,1,70,26,1,0
U016,R0180,C4,chore,flexible,90,0,-1,0,15,Thu,0,3,180,90,112,140,112,0,2,0.222,1,0,0,0,0,1,1,morning,afternoon,0,1,52,35,1,1
U010,R0181,C1,shopping,fixed,60,0,-1,0,14,Sat,1,4,60,0,187,74,74,0,2,0.435,0,0,0,0,0,0,1,afternoon,afternoon,1,1,73,10,1,1
U010,R0181,C2,shopping,fixed,60,0,-1,0,12,Sat,1,4,60,0,84,240,84,0,0,0.226,0,0,0,0,0,0,1,afternoon,afternoon,1,1,16,47,1,0
U010,R0181,C3,shopping,fixed,60,0,-1,0,22,Fri,0,3,150,90,6,110,6,1,5,0.737,0,0,0,0,0,0,1,afternoon,night,0,1,51,64,0,0
U010,R0181,C4,shopping,fixed,60,0,-1,0,9,Sat,1,4,180,120,8,19,8,1,2,0.622,0,0,0,0,0,0,1,afternoon,morning,0,1,67,15,0,0
U010,R0182,C1,meeting,semi_flexible,90,0,-1,0,15,Sat,1,1,120,30,99,126,99,0,3,0.447,0,0,0,0,0,0,1,afternoon,afternoon,1,1,53,53,1,1
U010,R0182,C2,meeting,semi_flexible,90,0,-1,0,14,Sun,1,2,120,30,128,120,120,0,4,0.466,0,0,0,0,0,0,1,afternoon,afternoon,1,1,32,41,1,0
U010,R0182,C3,meeting,semi_flexible,90,0,-1,0,20,Sat,1,1,150,60,151,103,103,0,3,0.336,0,0,0,0,0,0,1,afternoon,evening,0,1,59,18,1,0
U010,R0182,C4,meeting,semi_flexible,90,0,-1,0,17,Sat,1,1,120,30,118,174,118,0,2,0.269,0,0,0,0,0,0,1,afternoon,evening,0,1,16,66,1,0
U025,R0183,C1,personal_task,flexible,60,1,20,1,20,Tue,0,3,150,90,139,112,112,0,4,0.423,0,0,0,0,0,0,1,evening,evening,1,1,78,42,1,0
U025,R0183,C2,personal_task,flexible,60,1,20,0,19,Sat,1,0,90,30,100,127,100,0,4,0.475,0,0,0,0,0,0,1,evening,evening,1,1,19,5,1,1
U025,R0183,C3,personal_task,flexible,60,1,20,1,18,Sun,1,1,120,60,220,154,154,0,2,0.222,0,0,0,0,0,0,1,evening,evening,1,1,62,54,1,0
U025,R0183,C4,personal_task,flexible,60,1,20,1,17,Thu,0,5,90,30,198,111,111,0,2,0.234,0,0,0,0,0,0,1,evening,evening,1,1,76,38,1,0
U037,R0184,C1,meeting,fixed,90,0,-1,0,10,Sun,1,0,150,60,177,106,106,0,5,0.437,0,0,0,1,0,0,1,morning,morning,1,0,0,0,1,1
U037,R0184,C2,meeting,fixed,90,0,-1,0,11,Mon,0,1,150,60,100,105,100,0,5,0.559,0,0,0,1,0,0,1,morning,morning,1,0,0,0,1,0
U037,R0184,C3,meeting,fixed,90,0,-1,0,7,Sun,1,0,90,0,133,70,70,0,0,0.219,0,0,0,1,0,0,1,morning,morning,1,0,0,0,1,0
U037,R0184,C4,meeting,fixed,90,0,-1,0,7,Wed,0,3,120,30,164,220,164,0,4,0.38,0,0,0,1,0,0,1,morning,morning,1,0,0,0,1,0
U012,R0185,C1,study,fixed,60,0,-1,0,20,Wed,0,2,150,90,100,117,100,0,5,0.492,1,0,0,1,1,1,1,night,evening,0,1,66,61,1,0
U012,R0185,C2,study,fixed,60,0,-1,0,21,Wed,0,2,75,15,107,240,107,0,4,0.42,1,0,0,1,1,1,1,night,night,1,1,6,24,1,1
U012,R0185,C3,study,fixed,60,0,-1,0,12,Fri,0,4,150,90,138,187,138,0,0,0.16,1,0,0,1,1,1,1,night,afternoon,0,1,58,78,1,0
U012,R0185,C4,study,fixed,60,0,-1,0,20,Thu,0,3,150,90,147,176,147,0,5,0.394,1,0,0,1,1,1,1,night,evening,0,1,73,71,1,0
U036,R0186,C1,exercise,semi_flexible,60,0,-1,0,11,Sun,1,5,60,0,56,51,51,0,8,0.785,0,1,0,0,0,0,1,morning,morning,1,1,6,16,1,0
U036,R0186,C2,exercise,semi_flexible,60,0,-1,0,20,Tue,0,0,60,0,133,10,10,1,4,0.692,0,1,0,0,0,0,1,morning,evening,0,1,21,43,0,0
U036,R0186,C3,exercise,semi_flexible,60,0,-1,0,8,Sat,1,4,120,60,59,118,59,0,3,0.495,0,1,0,0,0,0,1,morning,morning,1,1,16,30,1,1
U036,R0186,C4,exercise,semi_flexible,60,0,-1,0,16,Fri,0,3,105,45,114,98,98,0,4,0.439,0,1,0,0,0,0,1,morning,afternoon,0,1,43,86,1,0
U012,R0187,C1,hospital,fixed,30,0,-1,0,21,Mon,0,3,45,15,70,46,46,0,7,0.755,0,0,0,0,0,0,0,night,night,1,1,70,68,0,0
U012,R0187,C2,hospital,fixed,30,0,-1,0,7,Tue,0,4,120,90,54,109,54,0,7,0.701,0,0,0,0,0,0,0,night,morning,0,1,60,50,0,0
U012,R0187,C3,hospital,fixed,30,0,-1,0,22,Mon,0,3,60,30,192,68,68,0,4,0.543,0,0,0,0,0,0,0,night,night,1,1,7,1,1,1
U012,R0187,C4,hospital,fixed,30,0,-1,0,23,Sat,1,1,90,60,54,143,54,0,5,0.67,0,0,0,0,0,0,0,night,night,1,1,69,72,0,0
U008,R0188,C1,study,flexible,60,1,24,0,8,Sun,1,0,90,30,135,158,135,0,3,0.327,0,0,0,0,0,0,1,evening,morning,0,0,0,0,1,0
U008,R0188,C2,study,flexible,60,1,24,0,13,Sun,1,0,60,0,141,181,141,0,2,0.222,0,0,0,0,0,0,1,evening,afternoon,0,0,0,0,1,1
U008,R0188,C3,study,flexible,60,1,24,1,22,Mon,0,1,60,0,145,92,92,0,4,0.402,0,0,0,0,0,0,1,evening,night,0,0,0,0,1,0
U008,R0188,C4,study,flexible,60,1,24,0,18,Sun,1,0,150,90,93,220,93,0,5,0.536,0,0,0,0,0,0,1,evening,evening,1,0,0,0,1,0
U023,R0189,C1,exercise,semi_flexible,45,0,-1,0,21,Fri,0,2,90,45,76,83,76,0,4,0.478,0,0,0,0,0,0,1,night,night,1,1,64,48,1,0
U023,R0189,C2,exercise,semi_flexible,45,0,-1,0,21,Thu,0,1,90,45,100,54,54,0,5,0.65,0,0,0,0,0,0,1,night,night,1,1,37,56,0,0
U023,R0189,C3,exercise,semi_flexible,45,0,-1,0,21,Fri,0,2,75,30,240,146,146,0,3,0.269,0,0,0,0,0,0,1,night,night,1,1,48,87,1,0
U023,R0189,C4,exercise,semi_flexible,45,0,-1,0,23,Fri,0,2,165,120,161,123,123,0,3,0.336,0,0,0,0,0,0,1,night,night,1,1,1,24,1,1
U031,R0190,C1,study,flexible,60,1,34,1,14,Sat,1,3,75,15,233,86,86,0,3,0.43,0,0,0,0,0,0,1,evening,afternoon,0,1,13,15,1,0
U031,R0190,C2,study,flexible,60,1,34,1,12,Fri,0,2,150,90,82,140,82,0,6,0.593,0,0,0,0,0,0,1,evening,afternoon,0,1,48,11,1,0
U031,R0190,C3,study,flexible,60,1,34,0,17,Thu,0,1,180,120,94,70,70,0,5,0.609,0,0,0,0,0,0,1,evening,evening,1,1,29,58,1,1
U031,R0190,C4,study,flexible,60,1,34,1,17,Fri,0,2,105,45,66,57,57,0,8,0.81,0,0,0,0,0,0,1,evening,evening,1,1,25,83,0,0
U008,R0191,C1,chore,flexible,90,0,-1,0,9,Tue,0,4,180,90,212,214,212,0,0,0.0,0,0,0,0,0,0,1,evening,morning,0,0,0,0,1,0
U008,R0191,C2,chore,flexible,90,0,-1,0,9,Tue,0,4,180,90,80,114,80,0,5,0.571,0,0,0,0,0,0,1,evening,morning,0,0,0,0,1,0
U008,R0191,C3,chore,flexible,90,0,-1,0,23,Sat,1,1,120,30,70,90,70,0,5,0.52,0,0,0,0,0,0,1,evening,night,0,0,0,0,1,0
U008,R0191,C4,chore,flexible,90,0,-1,0,18,Sun,1,2,120,30,49,59,49,0,7,0.785,0,0,0,0,0,0,1,evening,evening,1,0,0,0,1,1
U014,R0192,C1,chore,fixed,30,1,71,0,16,Sun,1,2,90,60,140,71,71,0,6,0.544,0,0,0,1,0,0,0,evening,afternoon,0,1,71,17,1,0
U014,R0192,C2,chore,fixed,30,1,71,0,16,Fri,0,0,180,150,96,231,96,0,3,0.319,0,0,0,1,0,0,0,evening,afternoon,0,1,24,32,1,1
U014,R0192,C3,chore,fixed,30,1,71,1,19,Tue,0,4,120,90,104,61,61,0,3,0.524,0,0,0,1,0,0,0,evening,evening,1,1,19,51,1,0
U014,R0192,C4,chore,fixed,30,1,71,0,19,Fri,0,0,30,0,204,205,204,0,3,0.142,0,0,0,1,0,0,0,evening,evening,1,1,81,18,1,0
U022,R0193,C1,hospital,fixed,45,0,-1,0,16,Fri,0,3,90,45,41,149,41,0,4,0.576,0,1,0,0,0,0,1,afternoon,afternoon,1,0,0,0,1,1
U022,R0193,C2,hospital,fixed,45,0,-1,0,14,Fri,0,3,165,120,166,0,0,1,8,0.943,0,1,0,0,0,0,1,afternoon,afternoon,1,0,0,0,1,0
U022,R0193,C3,hospital,fixed,45,0,-1,0,9,Thu,0,2,60,15,0,82,0,1,4,0.635,0,1,0,0,0,0,1,afternoon,morning,0,0,0,0,1,0
U022,R0193,C4,hospital,fixed,45,0,-1,0,16,Sat,1,4,60,15,56,96,56,0,7,0.763,0,1,0,0,0,0,1,afternoon,afternoon,1,0,0,0,1,0
U035,R0194,C1,personal_task,flexible,60,1,54,0,16,Sat,1,1,150,90,49,214,49,0,2,0.446,0,0,0,0,0,0,1,afternoon,afternoon,1,0,0,0,1,0
U035,R0194,C2,personal_task,flexible,60,1,54,0,12,Sun,1,2,75,15,77,221,77,0,3,0.323,0,0,0,0,0,0,1,afternoon,afternoon,1,0,0,0,1,1
U035,R0194,C3,personal_task,flexible,60,1,54,1,12,Wed,0,5,90,30,132,5,5,1,6,0.88,0,0,0,0,0,0,1,afternoon,afternoon,1,0,0,0,1,0
U035,R0194,C4,personal_task,flexible,60,1,54,1,15,Wed,0,5,180,120,130,69,69,0,2,0.346,0,0,0,0,0,0,1,afternoon,afternoon,1,0,0,0,1,0
U007,R0195,C1,meeting,semi_flexible,60,0,-1,0,19,Sat,1,2,120,60,165,150,150,0,2,0.116,1,0,1,0,0,0,0,evening,evening,1,1,42,19,1,1
U007,R0195,C2,meeting,semi_flexible,60,0,-1,0,18,Thu,0,0,90,30,55,49,49,0,4,0.567,1,0,1,0,0,0,0,evening,evening,1,1,27,32,1,0
U007,R0195,C3,meeting,semi_flexible,60,0,-1,0,21,Mon,0,4,180,120,51,219,51,0,2,0.393,1,0,1,0,0,0,0,evening,night,0,1,37,63,1,0
U007,R0195,C4,meeting,semi_flexible,60,0,-1,0,20,Thu,0,0,150,90,200,76,76,0,8,0.751,1,0,1,0,0,0,0,evening,evening,1,1,12,88,0,0
U001,R0196,C1,study,flexible,120,0,-1,0,8,Sat,1,1,165,45,71,87,71,0,8,0.788,0,0,1,0,0,0,1,evening,morning,0,1,87,34,0,0
U001,R0196,C2,study,flexible,120,0,-1,0,18,Sun,1,2,135,15,155,25,25,0,6,0.705,0,0,1,0,0,0,1,evening,evening,1,1,56,81,0,0
U001,R0196,C3,study,flexible,120,0,-1,0,18,Tue,0,4,150,30,54,111,54,0,7,0.883,0,0,1,0,0,0,1,evening,evening,1,1,39,10,1,0
U001,R0196,C4,study,flexible,120,0,-1,0,20,Sat,1,1,120,0,149,99,99,0,3,0.45,0,0,1,0,0,0,1,evening,evening,1,1,65,22,1,1
U003,R0197,C1,personal_task,flexible,30,0,-1,0,21,Fri,0,3,180,150,126,127,126,0,1,0.147,1,0,0,0,0,0,1,evening,night,0,1,36,7,1,0
U003,R0197,C2,personal_task,flexible,30,0,-1,0,20,Tue,0,0,30,0,83,33,33,0,7,0.762,1,0,0,0,0,0,1,evening,evening,1,1,79,33,0,0
U003,R0197,C3,personal_task,flexible,30,0,-1,0,19,Sun,1,5,150,120,49,4,4,1,6,0.837,1,0,0,0,0,0,1,evening,evening,1,1,42,69,0,0
U003,R0197,C4,personal_task,flexible,30,0,-1,0,20,Wed,0,1,90,60,98,148,98,0,2,0.267,1,0,0,0,0,0,1,evening,evening,1,1,86,70,1,1
U006,R0198,C1,study,flexible,60,1,39,0,23,Mon,0,0,150,90,132,79,79,0,4,0.479,0,1,1,0,0,1,1,night,night,1,0,0,0,1,1
U006,R0198,C2,study,flexible,60,1,39,1,23,Thu,0,3,120,60,84,145,84,0,4,0.43,0,1,1,0,0,1,1,night,night,1,0,0,0,1,0
U006,R0198,C3,study,flexible,60,1,39,0,20,Mon,0,0,120,60,123,148,123,0,5,0.398,0,1,1,0,0,1,1,night,evening,0,0,0,0,1,0
U006,R0198,C4,study,flexible,60,1,39,1,20,Wed,0,2,60,0,88,144,88,0,2,0.329,0,1,1,0,0,1,1,night,evening,0,0,0,0,1,0
U016,R0199,C1,hospital,semi_flexible,60,0,-1,0,13,Sun,1,2,90,30,160,51,51,0,4,0.528,1,0,0,0,0,0,1,morning,afternoon,0,1,79,80,0,0
U016,R0199,C2,hospital,semi_flexible,60,0,-1,0,8,Sat,1,1,90,30,59,135,59,0,6,0.597,1,0,0,0,0,0,1,morning,morning,1,1,57,18,0,0
U016,R0199,C3,hospital,semi_flexible,60,0,-1,0,7,Tue,0,4,150,90,126,60,60,0,5,0.578,1,0,0,0,0,0,1,morning,morning,1,1,59,42,1,1
U016,R0199,C4,hospital,semi_flexible,60,0,-1,0,17,Sat,1,1,150,90,78,18,18,0,5,0.734,1,0,0,0,0,0,1,morning,evening,0,1,11,4,1,0
U010,R0200,C1,personal_task,flexible,120,1,62,1,19,Fri,0,4,135,15,180,118,118,0,4,0.387,0,0,0,0,0,0,1,afternoon,evening,0,0,0,0,1,0
U010,R0200,C2,personal_task,flexible,120,1,62,1,19,Thu,0,3,150,30,67,43,43,0,4,0.516,0,0,0,0,0,0,1,afternoon,evening,0,0,0,0,1,0
U010,R0200,C3,personal_task,flexible,120,1,62,0,12,Tue,0,1,150,30,218,0,0,1,4,0.729,0,0,0,0,0,0,1,afternoon,afternoon,1,0,0,0,1,1
U010,R0200,C4,personal_task,flexible,120,1,62,1,20,Thu,0,3,120,0,114,188,114,0,1,0.122,0,0,0,0,0,0,1,afternoon,evening,0,0,0,0,1,0
U022,R0201,C1,study,semi_flexible,45,0,-1,0,13,Sun,1,5,135,90,172,17,17,0,5,0.764,0,1,0,0,0,0,1,afternoon,afternoon,1,1,49,49,0,0
U022,R0201,C2,study,semi_flexible,45,0,-1,0,17,Thu,0,2,135,90,135,129,129,0,2,0.208,0,1,0,0,0,0,1,afternoon,evening,0,1,69,82,1,0
U022,R0201,C3,study,semi_flexible,45,0,-1,0,23,Thu,0,2,75,30,145,85,85,0,1,0.198,0,1,0,0,0,0,1,afternoon,night,0,1,53,69,1,1
U022,R0201,C4,study,semi_flexible,45,0,-1,0,19,Sun,1,5,105,60,53,152,53,0,4,0.53,0,1,0,0,0,0,1,afternoon,evening,0,1,41,51,1,0
U004,R0202,C1,personal_task,flexible,45,0,-1,0,23,Thu,0,3,45,0,114,65,65,0,4,0.466,1,0,0,0,0,1,1,evening,night,0,1,9,23,1,0
U004,R0202,C2,personal_task,flexible,45,0,-1,0,17,Mon,0,0,75,30,0,108,0,1,7,0.853,1,0,0,0,0,1,1,evening,evening,1,1,44,22,0,0
U004,R0202,C3,personal_task,flexible,45,0,-1,0,21,Fri,0,4,165,120,144,22,22,0,3,0.522,1,0,0,0,0,1,1,evening,night,0,1,26,61,0,0
U004,R0202,C4,personal_task,flexible,45,0,-1,0,19,Wed,0,2,165,120,159,106,106,0,1,0.196,1,0,0,0,0,1,1,evening,evening,1,1,83,6,1,1
U001,R0203,C1,shopping,flexible,60,0,-1,0,19,Mon,0,0,75,15,142,150,142,0,0,0.049,1,0,0,0,0,0,1,evening,evening,1,1,65,41,1,0
U001,R0203,C2,shopping,flexible,60,0,-1,0,10,Mon,0,0,60,0,213,102,102,0,2,0.343,1,0,0,0,0,0,1,evening,morning,0,1,1,29,1,0
U001,R0203,C3,shopping,flexible,60,0,-1,0,20,Sat,1,5,150,90,117,145,117,0,1,0.271,1,0,0,0,0,0,1,evening,evening,1,1,65,19,1,0
U001,R0203,C4,shopping,flexible,60,0,-1,0,19,Wed,0,2,150,90,115,159,115,0,4,0.442,1,0,0,0,0,0,1,evening,evening,1,1,89,35,1,1
U018,R0204,C1,shopping,flexible,45,0,-1,0,10,Sun,1,3,135,90,0,52,0,1,7,0.865,0,0,0,1,0,1,1,morning,morning,1,0,0,0,1,0
U018,R0204,C2,shopping,flexible,45,0,-1,0,13,Thu,0,0,90,45,11,207,11,1,5,0.722,0,0,0,1,0,1,1,morning,afternoon,0,0,0,0,1,0
U018,R0204,C3,shopping,flexible,45,0,-1,0,11,Sun,1,3,90,45,119,105,105,0,6,0.544,0,0,0,1,0,1,1,morning,morning,1,0,0,0,1,0
U018,R0204,C4,shopping,flexible,45,0,-1,0,11,Tue,0,5,165,120,68,109,68,0,4,0.455,0,0,0,1,0,1,1,morning,morning,1,0,0,0,1,1
U035,R0205,C1,hospital,fixed,60,0,-1,0,8,Mon,0,3,75,15,63,2,2,1,8,0.974,0,0,1,0,0,1,1,afternoon,morning,0,0,0,0,1,0
U035,R0205,C2,hospital,fixed,60,0,-1,0,16,Wed,0,5,105,45,239,193,193,0,3,0.27,0,0,1,0,0,1,1,afternoon,afternoon,1,0,0,0,1,0
U035,R0205,C3,hospital,fixed,60,0,-1,0,13,Fri,0,0,75,15,87,79,79,0,7,0.703,0,0,1,0,0,1,1,afternoon,afternoon,1,0,0,0,1,1
U035,R0205,C4,hospital,fixed,60,0,-1,0,15,Fri,0,0,60,0,77,113,77,0,1,0.201,0,0,1,0,0,1,1,afternoon,afternoon,1,0,0,0,1,0
U014,R0206,C1,chore,flexible,30,1,51,0,17,Sun,1,2,90,60,120,79,79,0,6,0.553,1,1,0,0,0,1,1,evening,evening,1,0,0,0,1,0
U014,R0206,C2,chore,flexible,30,1,51,0,19,Sun,1,2,150,120,240,228,228,0,0,0.0,1,1,0,0,0,1,1,evening,evening,1,0,0,0,1,1
U014,R0206,C3,chore,flexible,30,1,51,0,17,Sat,1,1,30,0,191,124,124,0,2,0.244,1,1,0,0,0,1,1,evening,evening,1,0,0,0,1,0
U014,R0206,C4,chore,flexible,30,1,51,0,13,Sat,1,1,45,15,240,138,138,0,1,0.134,1,1,0,0,0,1,1,evening,afternoon,0,0,0,0,1,0
U012,R0207,C1,chore,flexible,60,0,-1,0,23,Tue,0,5,120,60,13,115,13,1,3,0.677,0,0,0,0,0,0,1,night,night,1,1,46,80,0,0
U012,R0207,C2,chore,flexible,60,0,-1,0,23,Thu,0,0,180,120,110,75,75,0,4,0.466,0,0,0,0,0,0,1,night,night,1,1,41,36,1,1
U012,R0207,C3,chore,flexible,60,0,-1,0,8,Thu,0,0,150,90,142,172,142,0,4,0.47,0,0,0,0,0,0,1,night,morning,0,1,22,59,1,0
U012,R0207,C4,chore,flexible,60,0,-1,0,23,Fri,0,1,150,90,0,101,0,1,5,0.775,0,0,0,0,0,0,1,night,night,1,1,47,40,0,0
U009,R0208,C1,meeting,fixed,45,1,103,0,11,Thu,0,3,60,15,121,0,0,1,6,0.878,0,0,1,0,1,0,1,morning,morning,1,1,29,69,0,0
U009,R0208,C2,meeting,fixed,45,1,103,0,13,Wed,0,2,105,60,11,76,11,1,8,0.978,0,0,1,0,1,0,1,morning,afternoon,0,1,5,54,0,0
U009,R0208,C3,meeting,fixed,45,1,103,0,22,Wed,0,2,165,120,16,107,16,0,4,0.626,0,0,1,0,1,0,1,morning,night,0,1,77,82,0,0
U009,R0208,C4,meeting,fixed,45,1,103,0,10,Tue,0,1,105,60,181,85,85,0,5,0.489,0,0,1,0,1,0,1,morning,morning,1,1,64,37,1,1
U019,R0209,C1,personal_task,semi_flexible,45,0,-1,0,18,Tue,0,3,90,45,195,240,195,0,1,0.079,0,0,0,0,0,0,1,evening,evening,1,0,0,0,1,0
U019,R0209,C2,personal_task,semi_flexible,45,0,-1,0,19,Sat,1,0,90,45,141,108,108,0,0,0.157,0,0,0,0,0,0,1,evening,evening,1,0,0,0,1,0
U019,R0209,C3,personal_task,semi_flexible,45,0,-1,0,20,Sun,1,1,45,0,197,212,197,0,0,0.0,0,0,0,0,0,0,1,evening,evening,1,0,0,0,1,0
U019,R0209,C4,personal_task,semi_flexible,45,0,-1,0,18,Thu,0,5,165,120,228,229,228,0,2,0.175,0,0,0,0,0,0,1,evening,evening,1,0,0,0,1,1
U010,R0210,C1,hospital,fixed,90,0,-1,0,13,Wed,0,4,105,15,94,240,94,0,5,0.576,0,1,0,0,0,0,1,afternoon,afternoon,1,0,0,0,1,1
U010,R0210,C2,hospital,fixed,90,0,-1,0,15,Thu,0,5,180,90,145,150,145,0,1,0.14,0,1,0,0,0,0,1,afternoon,afternoon,1,0,0,0,1,0
U010,R0210,C3,hospital,fixed,90,0,-1,0,13,Thu,0,5,135,45,12,108,12,1,3,0.662,0,1,0,0,0,0,1,afternoon,afternoon,1,0,0,0,1,0
U010,R0210,C4,hospital,fixed,90,0,-1,0,14,Tue,0,3,90,0,71,25,25,0,8,0.911,0,1,0,0,0,0,1,afternoon,afternoon,1,0,0,0,1,0
U004,R0211,C1,personal_task,flexible,45,0,-1,0,19,Sun,1,1,60,15,0,74,0,1,6,0.873,0,0,0,0,0,0,1,evening,evening,1,0,0,0,1,0
U004,R0211,C2,personal_task,flexible,45,0,-1,0,12,Sat,1,0,135,90,154,80,80,0,4,0.409,0,0,0,0,0,0,1,evening,afternoon,0,0,0,0,1,0
U004,R0211,C3,personal_task,flexible,45,0,-1,0,18,Sat,1,0,60,15,129,57,57,0,3,0.451,0,0,0,0,0,0,1,evening,evening,1,0,0,0,1,1
U004,R0211,C4,personal_task,flexible,45,0,-1,0,19,Mon,0,2,105,60,112,193,112,0,2,0.346,0,0,0,0,0,0,1,evening,evening,1,0,0,0,1,0
U027,R0212,C1,study,flexible,90,1,80,0,13,Mon,0,3,120,30,0,114,0,1,3,0.682,1,0,1,0,0,0,1,afternoon,afternoon,1,0,0,0,1,0
U027,R0212,C2,study,flexible,90,1,80,0,15,Sat,1,1,90,0,147,21,21,0,3,0.563,1,0,1,0,0,0,1,afternoon,afternoon,1,0,0,0,1,1
U027,R0212,C3,study,flexible,90,1,80,0,12,Sun,1,2,120,30,61,159,61,0,3,0.377,1,0,1,0,0,0,1,afternoon,afternoon,1,0,0,0,1,0
U027,R0212,C4,study,flexible,90,1,80,0,7,Fri,0,0,90,0,119,240,119,0,1,0.194,1,0,1,0,0,0,1,afternoon,morning,0,0,0,0,1,0
U022,R0213,C1,study,semi_flexible,60,0,-1,0,15,Wed,0,4,180,120,84,0,0,1,7,0.912,1,1,0,0,0,0,1,afternoon,afternoon,1,0,0,0,1,0
U022,R0213,C2,study,semi_flexible,60,0,-1,0,7,Thu,0,5,90,30,12,1,1,1,5,0.785,1,1,0,0,0,0,1,afternoon,morning,0,0,0,0,1,1
U022,R0213,C3,study,semi_flexible,60,0,-1,0,7,Tue,0,3,120,60,154,110,110,0,0,0.115,1,1,0,0,0,0,1,afternoon,morning,0,0,0,0,1,0
U022,R0213,C4,study,semi_flexible,60,0,-1,0,12,Mon,0,2,180,120,20,88,20,0,5,0.608,1,1,0,0,0,0,1,afternoon,afternoon,1,0,0,0,1,0
U016,R0214,C1,personal_task,flexible,60,0,-1,0,9,Mon,0,3,120,60,53,109,53,0,4,0.544,0,1,0,0,0,0,1,morning,morning,1,0,0,0,1,0
U016,R0214,C2,personal_task,flexible,60,0,-1,0,16,Tue,0,4,120,60,60,0,0,1,6,0.873,0,1,0,0,0,0,1,morning,afternoon,0,0,0,0,1,0
U016,R0214,C3,personal_task,flexible,60,0,-1,0,9,Sat,1,1,60,0,123,130,123,0,5,0.475,0,1,0,0,0,0,1,morning,morning,1,0,0,0,1,1
U016,R0214,C4,personal_task,flexible,60,0,-1,0,19,Wed,0,5,150,90,21,77,21,0,7,0.835,0,1,0,0,0,0,1,morning,evening,0,0,0,0,1,0
U020,R0215,C1,chore,flexible,45,1,105,0,17,Tue,0,1,75,30,144,173,144,0,2,0.291,0,1,0,0,0,0,1,evening,evening,1,1,14,25,1,0
U020,R0215,C2,chore,flexible,45,1,105,0,18,Wed,0,2,90,45,93,139,93,0,6,0.614,0,1,0,0,0,0,1,evening,evening,1,1,39,62,1,1
U020,R0215,C3,chore,flexible,45,1,105,1,17,Sat,1,5,75,30,111,103,103,0,3,0.335,0,1,0,0,0,0,1,evening,evening,1,1,75,69,1,0
U020,R0215,C4,chore,flexible,45,1,105,0,19,Mon,0,0,105,60,139,97,97,0,3,0.448,0,1,0,0,0,0,1,evening,evening,1,1,40,31,1,0
U004,R0216,C1,exercise,flexible,30,0,-1,0,20,Sat,1,0,180,150,171,95,95,0,2,0.253,0,0,1,0,0,0,1,evening,evening,1,1,47,66,1,0
U004,R0216,C2,exercise,flexible,30,0,-1,0,18,Tue,0,3,60,30,115,130,115,0,2,0.309,0,0,1,0,0,0,1,evening,evening,1,1,55,63,1,1
U004,R0216,C3,exercise,flexible,30,0,-1,0,19,Tue,0,3,45,15,200,21,21,0,7,0.737,0,0,1,0,0,0,1,evening,evening,1,1,71,0,1,0
U004,R0216,C4,exercise,flexible,30,0,-1,0,8,Mon,0,2,180,150,108,65,65,0,6,0.639,0,0,1,0,0,0,1,evening,morning,0,1,57,46,1,0
U020,R0217,C1,shopping,semi_flexible,45,0,-1,0,18,Thu,0,0,60,15,170,118,118,0,5,0.406,1,0,1,0,0,0,1,evening,evening,1,1,65,76,1,0
U020,R0217,C2,shopping,semi_flexible,45,0,-1,0,17,Mon,0,4,75,30,114,171,114,0,4,0.407,1,0,1,0,0,0,1,evening,evening,1,1,80,71,1,1
U020,R0217,C3,shopping,semi_flexible,45,0,-1,0,18,Sun,1,3,165,120,240,83,83,0,0,0.116,1,0,1,0,0,0,1,evening,evening,1,1,27,51,1,0
U020,R0217,C4,shopping,semi_flexible,45,0,-1,0,20,Mon,0,4,45,0,20,26,20,0,7,0.817,1,0,1,0,0,0,1,evening,evening,1,1,81,28,0,0
U004,R0218,C1,chore,flexible,90,0,-1,0,11,Thu,0,4,180,90,71,56,56,0,4,0.528,0,1,0,0,0,0,1,evening,morning,0,1,14,67,0,0
U004,R0218,C2,chore,flexible,90,0,-1,0,7,Tue,0,2,135,45,137,0,0,1,6,0.825,0,1,0,0,0,0,1,evening,morning,0,1,61,30,0,0
U004,R0218,C3,chore,flexible,90,0,-1,0,11,Mon,0,1,120,30,210,156,156,0,1,0.085,0,1,0,0,0,0,1,evening,morning,0,1,78,31,1,1
U004,R0218,C4,chore,flexible,90,0,-1,0,18,Tue,0,2,180,90,0,133,0,1,4,0.674,0,1,0,0,0,0,1,evening,evening,1,1,38,84,0,0
U022,R0219,C1,shopping,semi_flexible,60,0,-1,0,14,Tue,0,1,150,90,43,215,43,0,2,0.401,1,0,0,0,0,0,1,afternoon,afternoon,1,0,0,0,1,0
U022,R0219,C2,shopping,semi_flexible,60,0,-1,0,14,Thu,0,3,90,30,91,52,52,0,6,0.708,1,0,0,0,0,0,1,afternoon,afternoon,1,0,0,0,1,0
U022,R0219,C3,shopping,semi_flexible,60,0,-1,0,10,Wed,0,2,105,45,15,8,8,1,7,0.904,1,0,0,0,0,0,1,afternoon,morning,0,0,0,0,1,0
U022,R0219,C4,shopping,semi_flexible,60,0,-1,0,16,Thu,0,3,180,120,50,104,50,0,3,0.487,1,0,0,0,0,0,1,afternoon,afternoon,1,0,0,0,1,1
U018,R0220,C1,shopping,flexible,60,0,-1,0,15,Fri,0,3,60,0,107,177,107,0,2,0.332,0,0,0,0,0,0,1,morning,afternoon,0,1,5,89,1,0
U018,R0220,C2,shopping,flexible,60,0,-1,0,7,Sat,1,4,60,0,119,39,39,0,5,0.626,0,0,0,0,0,0,1,morning,morning,1,1,22,86,0,0
U018,R0220,C3,shopping,flexible,60,0,-1,0,15,Fri,0,3,120,60,145,175,145,0,0,0.042,0,0,0,0,0,0,1,morning,afternoon,0,1,9,57,1,1
U018,R0220,C4,shopping,flexible,60,0,-1,0,7,Sat,1,4,105,45,106,107,106,0,7,0.656,0,0,0,0,0,0,1,morning,morning,1,1,62,53,1,0
U018,R0221,C1,meeting,semi_flexible,120,1,80,0,10,Sun,1,3,150,30,97,199,97,0,2,0.218,0,1,0,0,0,0,1,morning,morning,1,1,86,1,1,1
U018,R0221,C2,meeting,semi_flexible,120,1,80,1,7,Tue,0,5,120,0,198,158,158,0,2,0.139,0,1,0,0,0,0,1,morning,morning,1,1,38,55,1,0
U018,R0221,C3,meeting,semi_flexible,120,1,80,1,12,Mon,0,4,120,0,88,240,88,0,4,0.447,0,1,0,0,0,0,1,morning,afternoon,0,1,47,90,1,0
U018,R0221,C4,meeting,semi_flexible,120,1,80,0,22,Fri,0,1,180,60,136,90,90,0,2,0.269,0,1,0,0,0,0,1,morning,night,0,1,38,86,0,0
U022,R0222,C1,study,fixed,60,1,85,0,9,Wed,0,3,60,0,95,43,43,0,5,0.619,0,1,0,0,0,1,1,afternoon,morning,0,0,0,0,1,0
U022,R0222,C2,study,fixed,60,1,85,0,14,Mon,0,1,150,90,124,186,124,0,4,0.399,0,1,0,0,0,1,1,afternoon,afternoon,1,0,0,0,1,1
U022,R0222,C3,study,fixed,60,1,85,0,14,Mon,0,1,105,45,150,206,150,0,2,0.223,0,1,0,0,0,1,1,afternoon,afternoon,1,0,0,0,1,0
U022,R0222,C4,study,fixed,60,1,85,1,15,Fri,0,5,180,120,219,25,25,0,1,0.366,0,1,0,0,0,1,1,afternoon,afternoon,1,0,0,0,1,0
U026,R0223,C1,meeting,fixed,120,0,-1,0,20,Fri,0,5,135,15,140,184,140,0,1,0.166,0,0,0,0,0,0,1,morning,evening,0,1,53,37,1,0
U026,R0223,C2,meeting,fixed,120,0,-1,0,9,Thu,0,4,180,60,202,124,124,0,2,0.306,0,0,0,0,0,0,1,morning,morning,1,1,41,86,1,1
U026,R0223,C3,meeting,fixed,120,0,-1,0,10,Wed,0,3,165,45,17,32,17,0,7,0.799,0,0,0,0,0,0,1,morning,morning,1,1,43,10,0,0
U026,R0223,C4,meeting,fixed,120,0,-1,0,23,Sun,1,0,120,0,103,155,103,0,3,0.396,0,0,0,0,0,0,1,morning,night,0,1,15,62,1,0
U017,R0224,C1,meeting,semi_flexible,45,0,-1,0,8,Fri,0,5,45,0,59,80,59,0,5,0.636,0,0,0,0,0,0,1,afternoon,morning,0,1,83,73,0,0
U017,R0224,C2,meeting,semi_flexible,45,0,-1,0,12,Tue,0,2,60,15,138,120,120,0,2,0.292,0,0,0,0,0,0,1,afternoon,afternoon,1,1,73,65,1,0
U017,R0224,C3,meeting,semi_flexible,45,0,-1,0,14,Thu,0,4,90,45,68,100,68,0,4,0.535,0,0,0,0,0,0,1,afternoon,afternoon,1,1,50,61,1,1
U017,R0224,C4,meeting,semi_flexible,45,0,-1,0,14,Tue,0,2,135,90,117,90,90,0,5,0.477,0,0,0,0,0,0,1,afternoon,afternoon,1,1,7,15,1,0
U018,R0225,C1,meeting,fixed,60,1,29,0,14,Sat,1,0,150,90,57,136,57,0,6,0.732,0,0,0,0,0,0,1,morning,afternoon,0,0,0,0,1,1
U018,R0225,C2,meeting,fixed,60,1,29,1,22,Thu,0,5,180,120,232,142,142,0,2,0.212,0,0,0,0,0,0,1,morning,night,0,0,0,0,1,0
U018,R0225,C3,meeting,fixed,60,1,29,1,8,Wed,0,4,90,30,19,61,19,0,5,0.754,0,0,0,0,0,0,1,morning,morning,1,0,0,0,1,0
U018,R0225,C4,meeting,fixed,60,1,29,1,22,Tue,0,3,180,120,8,64,8,1,5,0.846,0,0,0,0,0,0,1,morning,night,0,0,0,0,1,0
U020,R0226,C1,exercise,flexible,60,0,-1,0,19,Wed,0,3,180,120,65,0,0,1,6,0.839,1,0,0,0,0,0,1,evening,evening,1,0,0,0,1,0
U020,R0226,C2,exercise,flexible,60,0,-1,0,15,Tue,0,2,75,15,141,95,95,0,3,0.383,1,0,0,0,0,0,1,evening,afternoon,0,0,0,0,1,0
U020,R0226,C3,exercise,flexible,60,0,-1,0,18,Sun,1,0,90,30,32,0,0,1,8,1.0,1,0,0,0,0,0,1,evening,evening,1,0,0,0,1,0
U020,R0226,C4,exercise,flexible,60,0,-1,0,17,Thu,0,4,75,15,93,98,93,0,1,0.206,1,0,0,0,0,0,1,evening,evening,1,0,0,0,1,1
U008,R0227,C1,shopping,flexible,30,0,-1,0,12,Tue,0,4,180,150,91,36,36,0,6,0.738,0,0,0,0,0,0,1,evening,afternoon,0,0,0,0,1,1
U008,R0227,C2,shopping,flexible,30,0,-1,0,8,Mon,0,3,30,0,35,94,35,0,6,0.7,0,0,0,0,0,0,1,evening,morning,0,0,0,0,1,0
U008,R0227,C3,shopping,flexible,30,0,-1,0,19,Mon,0,3,45,15,166,183,166,0,4,0.335,0,0,0,0,0,0,1,evening,evening,1,0,0,0,1,0
U008,R0227,C4,shopping,flexible,30,0,-1,0,20,Sat,1,1,75,45,178,155,155,0,2,0.188,0,0,0,0,0,0,1,evening,evening,1,0,0,0,1,0
U020,R0228,C1,shopping,semi_flexible,45,1,108,0,23,Fri,0,3,165,120,201,216,201,0,2,0.129,0,0,0,0,0,0,1,evening,night,0,1,2,65,1,1
U020,R0228,C2,shopping,semi_flexible,45,1,108,0,22,Fri,0,3,105,60,62,70,62,0,6,0.742,0,0,0,0,0,0,1,evening,night,0,1,2,29,1,0
U020,R0228,C3,shopping,semi_flexible,45,1,108,1,17,Sun,1,5,75,30,176,179,176,0,2,0.16,0,0,0,0,0,0,1,evening,evening,1,1,46,42,1,0
U020,R0228,C4,shopping,semi_flexible,45,1,108,0,15,Sat,1,4,75,30,95,53,53,0,2,0.304,0,0,0,0,0,0,1,evening,afternoon,0,1,81,4,1,0
U026,R0229,C1,chore,flexible,60,1,58,1,20,Sun,1,4,120,60,218,91,91,0,2,0.307,0,0,0,0,0,0,1,morning,evening,0,0,0,0,1,0
U026,R0229,C2,chore,flexible,60,1,58,1,9,Mon,0,5,75,15,138,98,98,0,4,0.405,0,0,0,0,0,0,1,morning,morning,1,0,0,0,1,1
U026,R0229,C3,chore,flexible,60,1,58,1,8,Sun,1,4,180,120,27,109,27,0,6,0.735,0,0,0,0,0,0,1,morning,morning,1,0,0,0,1,0
U026,R0229,C4,chore,flexible,60,1,58,0,8,Wed,0,0,105,45,75,0,0,1,7,0.905,0,0,0,0,0,0,1,morning,morning,1,0,0,0,1,0
U010,R0230,C1,study,flexible,90,1,87,0,12,Sat,1,3,150,60,201,212,201,0,0,0.0,0,1,0,0,0,0,1,afternoon,afternoon,1,0,0,0,1,1
U010,R0230,C2,study,flexible,90,1,87,1,12,Mon,0,5,180,90,77,98,77,0,5,0.486,0,1,0,0,0,0,1,afternoon,afternoon,1,0,0,0,1,0
U010,R0230,C3,study,flexible,90,1,87,0,15,Wed,0,0,180,90,51,111,51,0,5,0.6,0,1,0,0,0,0,1,afternoon,afternoon,1,0,0,0,1,0
U010,R0230,C4,study,flexible,90,1,87,0,14,Thu,0,1,105,15,45,59,45,0,7,0.797,0,1,0,0,0,0,1,afternoon,afternoon,1,0,0,0,1,0
U029,R0231,C1,chore,flexible,45,1,53,1,11,Mon,0,4,90,45,229,193,193,0,2,0.139,0,1,1,0,0,0,1,morning,morning,1,1,85,9,1,0
U029,R0231,C2,chore,flexible,45,1,53,0,11,Sat,1,2,45,0,80,39,39,0,6,0.661,0,1,1,0,0,0,1,morning,morning,1,1,47,2,1,1
U029,R0231,C3,chore,flexible,45,1,53,0,10,Fri,0,1,105,60,3,58,3,1,8,1.0,0,1,1,0,0,0,1,morning,morning,1,1,86,9,0,0
U029,R0231,C4,chore,flexible,45,1,53,1,8,Sun,1,3,75,30,185,119,119,0,2,0.25,0,1,1,0,0,0,1,morning,morning,1,1,43,71,1,0
U033,R0232,C1,personal_task,flexible,60,0,-1,0,13,Fri,0,4,90,30,51,0,0,1,7,0.932,0,0,0,0,1,0,1,afternoon,afternoon,1,1,50,59,0,0
U033,R0232,C2,personal_task,flexible,60,0,-1,0,21,Fri,0,4,90,30,134,240,134,0,1,0.16,0,0,0,0,1,0,1,afternoon,night,0,1,15,83,1,0
U033,R0232,C3,personal_task,flexible,60,0,-1,0,22,Tue,0,1,105,45,31,133,31,0,7,0.764,0,0,0,0,1,0,1,afternoon,night,0,1,41,44,0,0
U033,R0232,C4,personal_task,flexible,60,0,-1,0,16,Wed,0,2,180,120,131,166,131,0,3,0.384,0,0,0,0,1,0,1,afternoon,afternoon,1,1,8,86,1,1
U015,R0233,C1,study,semi_flexible,120,0,-1,0,14,Fri,0,5,165,45,183,203,183,0,2,0.162,0,1,0,0,0,0,1,afternoon,afternoon,1,0,0,0,1,1
U015,R0233,C2,study,semi_flexible,120,0,-1,0,13,Sun,1,0,135,15,93,92,92,0,1,0.155,0,1,0,0,0,0,1,afternoon,afternoon,1,0,0,0,1,0
U015,R0233,C3,study,semi_flexible,120,0,-1,0,16,Sun,1,0,165,45,41,103,41,0,5,0.566,0,1,0,0,0,0,1,afternoon,afternoon,1,0,0,0,1,0
U015,R0233,C4,study,semi_flexible,120,0,-1,0,12,Wed,0,3,120,0,101,46,46,0,7,0.762,0,1,0,0,0,0,1,afternoon,afternoon,1,0,0,0,1,0
U022,R0234,C1,study,flexible,90,1,12,1,16,Wed,0,3,150,60,155,98,98,0,3,0.386,0,0,0,0,0,0,1,afternoon,afternoon,1,1,50,22,1,0
U022,R0234,C2,study,flexible,90,1,12,1,7,Wed,0,3,120,30,63,74,63,0,7,0.766,0,0,0,0,0,0,1,afternoon,morning,0,1,44,77,0,0
U022,R0234,C3,study,flexible,90,1,12,1,13,Wed,0,3,135,45,152,203,152,0,3,0.205,0,0,0,0,0,0,1,afternoon,afternoon,1,1,26,29,1,0
U022,R0234,C4,study,flexible,90,1,12,0,11,Sun,1,0,135,45,121,0,0,1,6,0.858,0,0,0,0,0,0,1,afternoon,morning,0,1,73,61,0,1
U006,R0235,C1,chore,semi_flexible,60,1,17,1,21,Thu,0,2,90,30,240,240,240,0,3,0.175,0,1,0,0,0,1,1,night,night,1,0,0,0,1,0
U006,R0235,C2,chore,semi_flexible,60,1,17,1,23,Fri,0,3,180,120,219,109,109,0,4,0.452,0,1,0,0,0,1,1,night,night,1,0,0,0,1,0
U006,R0235,C3,chore,semi_flexible,60,1,17,0,22,Tue,0,0,120,60,198,92,92,0,3,0.365,0,1,0,0,0,1,1,night,night,1,0,0,0,1,1
U006,R0235,C4,chore,semi_flexible,60,1,17,1,17,Thu,0,2,180,120,67,138,67,0,5,0.593,0,1,0,0,0,1,1,night,evening,0,0,0,0,1,0
U010,R0236,C1,chore,flexible,30,0,-1,0,14,Fri,0,4,150,120,130,32,32,0,5,0.656,0,0,0,0,0,0,1,afternoon,afternoon,1,1,38,87,0,0
U010,R0236,C2,chore,flexible,30,0,-1,0,12,Fri,0,4,120,90,93,194,93,0,1,0.122,0,0,0,0,0,0,1,afternoon,afternoon,1,1,0,20,1,1
U010,R0236,C3,chore,flexible,30,0,-1,0,15,Sat,1,5,60,30,37,120,37,0,2,0.395,0,0,0,0,0,0,1,afternoon,afternoon,1,1,25,63,1,0
U010,R0236,C4,chore,flexible,30,0,-1,0,8,Sat,1,5,45,15,164,74,74,0,3,0.407,0,0,0,0,0,0,1,afternoon,morning,0,1,65,12,1,0
U029,R0237,C1,study,flexible,45,1,13,1,10,Thu,0,1,135,90,140,84,84,0,6,0.61,0,0,0,1,0,0,1,morning,morning,1,1,84,12,1,0
U029,R0237,C2,study,flexible,45,1,13,1,8,Sun,1,4,105,60,141,13,13,1,6,0.825,0,0,0,1,0,0,1,morning,morning,1,1,72,38,0,0
U029,R0237,C3,study,flexible,45,1,13,1,22,Thu,0,1,60,15,115,240,115,0,0,0.148,0,0,0,1,0,0,1,morning,night,0,1,20,29,1,1
U029,R0237,C4,study,flexible,45,1,13,1,16,Fri,0,2,60,15,146,165,146,0,3,0.25,0,0,0,1,0,0,1,morning,afternoon,0,1,28,53,1,0
U003,R0238,C1,study,semi_flexible,45,0,-1,0,20,Fri,0,4,135,90,187,89,89,0,3,0.453,1,0,0,0,0,0,1,evening,evening,1,1,33,80,0,0
U003,R0238,C2,study,semi_flexible,45,0,-1,0,15,Wed,0,2,90,45,34,199,34,0,4,0.629,1,0,0,0,0,0,1,evening,afternoon,0,1,33,30,0,1
U003,R0238,C3,study,semi_flexible,45,0,-1,0,10,Tue,0,1,105,60,56,0,0,1,5,0.824,1,0,0,0,0,0,1,evening,morning,0,1,88,75,0,0
U003,R0238,C4,study,semi_flexible,45,0,-1,0,19,Tue,0,1,45,0,96,129,96,0,5,0.516,1,0,0,0,0,0,1,evening,evening,1,1,68,31,1,0
U026,R0239,C1,exercise,flexible,45,0,-1,0,9,Sat,1,0,135,90,45,94,45,0,6,0.717,0,0,0,0,0,0,1,morning,morning,1,1,51,32,0,0
U026,R0239,C2,exercise,flexible,45,0,-1,0,10,Sat,1,0,45,0,157,162,157,0,2,0.228,0,0,0,0,0,0,1,morning,morning,1,1,4,18,1,1
U026,R0239,C3,exercise,flexible,45,0,-1,0,8,Thu,0,5,90,45,187,189,187,0,3,0.262,0,0,0,0,0,0,1,morning,morning,1,1,11,42,1,0
U026,R0239,C4,exercise,flexible,45,0,-1,0,20,Tue,0,3,60,15,128,20,20,0,8,0.939,0,0,0,0,0,0,1,morning,evening,0,1,26,75,0,0
U027,R0240,C1,shopping,flexible,60,0,-1,0,16,Mon,0,4,180,120,231,184,184,0,0,0.0,0,0,0,0,0,0,1,afternoon,afternoon,1,1,86,51,1,1
U027,R0240,C2,shopping,flexible,60,0,-1,0,12,Tue,0,5,60,0,211,90,90,0,0,0.187,0,0,0,0,0,0,1,afternoon,afternoon,1,1,31,39,1,0
U027,R0240,C3,shopping,flexible,60,0,-1,0,18,Sat,1,2,75,15,147,96,96,0,3,0.338,0,0,0,0,0,0,1,afternoon,evening,0,1,82,87,0,0
U027,R0240,C4,shopping,flexible,60,0,-1,0,16,Tue,0,5,180,120,171,0,0,1,1,0.589,0,0,0,0,0,0,1,afternoon,afternoon,1,1,37,46,0,0
U021,R0241,C1,study,semi_flexible,45,0,-1,0,18,Sat,1,0,135,90,128,166,128,0,7,0.666,0,0,1,0,0,1,1,evening,evening,1,1,47,88,1,1
U021,R0241,C2,study,semi_flexible,45,0,-1,0,18,Mon,0,2,105,60,110,99,99,0,7,0.656,0,0,1,0,0,1,1,evening,evening,1,1,51,73,1,0
U021,R0241,C3,study,semi_flexible,45,0,-1,0,18,Wed,0,4,60,15,132,184,132,0,0,0.111,0,0,1,0,0,1,1,evening,evening,1,1,87,12,1,0
U021,R0241,C4,study,semi_flexible,45,0,-1,0,15,Tue,0,3,60,15,108,85,85,0,3,0.399,0,0,1,0,0,1,1,evening,afternoon,0,1,29,12,1,0
U019,R0242,C1,exercise,flexible,90,0,-1,0,18,Sun,1,4,105,15,80,68,68,0,4,0.446,0,0,0,0,0,0,0,evening,evening,1,1,28,46,1,1
U019,R0242,C2,exercise,flexible,90,0,-1,0,17,Wed,0,0,90,0,131,21,21,0,4,0.596,0,0,0,0,0,0,0,evening,evening,1,1,74,70,0,0
U019,R0242,C3,exercise,flexible,90,0,-1,0,22,Sun,1,4,90,0,240,44,44,0,5,0.666,0,0,0,0,0,0,0,evening,night,0,1,26,75,0,0
U019,R0242,C4,exercise,flexible,90,0,-1,0,8,Thu,0,1,135,45,230,138,138,0,0,0.092,0,0,0,0,0,0,0,evening,morning,0,1,12,60,1,0
U022,R0243,C1,personal_task,flexible,45,1,74,1,13,Sun,1,5,45,0,81,161,81,0,5,0.532,1,0,1,0,0,0,1,afternoon,afternoon,1,0,0,0,1,0
U022,R0243,C2,personal_task,flexible,45,1,74,1,7,Sat,1,4,105,60,71,71,71,0,5,0.528,1,0,1,0,0,0,1,afternoon,morning,0,0,0,0,1,0
U022,R0243,C3,personal_task,flexible,45,1,74,0,12,Thu,0,2,75,30,166,167,166,0,3,0.283,1,0,1,0,0,0,1,afternoon,afternoon,1,0,0,0,1,1
U022,R0243,C4,personal_task,flexible,45,1,74,1,9,Sat,1,4,105,60,0,176,0,1,6,0.926,1,0,1,0,0,0,1,afternoon,morning,0,0,0,0,1,0
U032,R0244,C1,shopping,flexible,90,0,-1,0,22,Mon,0,1,150,60,55,9,9,1,4,0.699,0,1,1,1,0,0,1,night,night,1,0,0,0,1,0
U032,R0244,C2,shopping,flexible,90,0,-1,0,15,Wed,0,3,90,0,108,54,54,0,6,0.587,0,1,1,1,0,0,1,night,afternoon,0,0,0,0,1,0
U032,R0244,C3,shopping,flexible,90,0,-1,0,21,Mon,0,1,150,60,113,79,79,0,8,0.816,0,1,1,1,0,0,1,night,night,1,0,0,0,1,0
U032,R0244,C4,shopping,flexible,90,0,-1,0,23,Tue,0,2,180,90,157,237,157,0,0,0.023,0,1,1,1,0,0,1,night,night,1,0,0,0,1,1
U022,R0245,C1,personal_task,fixed,30,0,-1,0,17,Fri,0,0,60,30,113,168,113,0,5,0.479,1,0,0,0,0,0,1,afternoon,evening,0,0,0,0,1,0
U022,R0245,C2,personal_task,fixed,30,0,-1,0,9,Sun,1,2,75,45,211,184,184,0,1,0.13,1,0,0,0,0,0,1,afternoon,morning,0,0,0,0,1,0
U022,R0245,C3,personal_task,fixed,30,0,-1,0,22,Mon,0,3,90,60,45,151,45,0,6,0.699,1,0,0,0,0,0,1,afternoon,night,0,0,0,0,1,0
U022,R0245,C4,personal_task,fixed,30,0,-1,0,14,Tue,0,4,120,90,199,146,146,0,3,0.176,1,0,0,0,0,0,1,afternoon,afternoon,1,0,0,0,1,1
U030,R0246,C1,hospital,fixed,45,0,-1,0,20,Wed,0,3,165,120,151,237,151,0,2,0.208,0,0,0,0,0,0,1,evening,evening,1,0,0,0,1,1
U030,R0246,C2,hospital,fixed,45,0,-1,0,20,Sun,1,0,60,15,88,164,88,0,3,0.327,0,0,0,0,0,0,1,evening,evening,1,0,0,0,1,0
U030,R0246,C3,hospital,fixed,45,0,-1,0,17,Fri,0,5,165,120,205,128,128,0,2,0.254,0,0,0,0,0,0,1,evening,evening,1,0,0,0,1,0
U030,R0246,C4,hospital,fixed,45,0,-1,0,19,Fri,0,5,45,0,130,127,127,0,4,0.354,0,0,0,0,0,0,1,evening,evening,1,0,0,0,1,0
U014,R0247,C1,exercise,semi_flexible,90,0,-1,0,7,Wed,0,1,135,45,127,76,76,0,2,0.338,0,0,0,0,0,0,0,evening,morning,0,1,14,70,0,0
U014,R0247,C2,exercise,semi_flexible,90,0,-1,0,22,Wed,0,1,120,30,135,33,33,0,1,0.325,0,0,0,0,0,0,0,evening,night,0,1,66,18,1,0
U014,R0247,C3,exercise,semi_flexible,90,0,-1,0,18,Wed,0,1,120,30,137,104,104,0,6,0.524,0,0,0,0,0,0,0,evening,evening,1,1,19,51,1,0
U014,R0247,C4,exercise,semi_flexible,90,0,-1,0,19,Wed,0,1,135,45,78,121,78,0,1,0.23,0,0,0,0,0,0,0,evening,evening,1,1,59,4,1,1
U013,R0248,C1,personal_task,flexible,90,0,-1,0,23,Thu,0,0,150,60,94,76,76,0,3,0.368,0,0,0,0,0,0,1,evening,night,0,1,33,11,1,1
U013,R0248,C2,personal_task,flexible,90,0,-1,0,18,Tue,0,5,105,15,140,63,63,0,4,0.572,0,0,0,0,0,0,1,evening,evening,1,1,16,18,1,0
U013,R0248,C3,personal_task,flexible,90,0,-1,0,12,Fri,0,1,180,90,148,8,8,1,4,0.708,0,0,0,0,0,0,1,evening,afternoon,0,1,66,57,0,0
U013,R0248,C4,personal_task,flexible,90,0,-1,0,7,Mon,0,4,90,0,117,168,117,0,3,0.368,0,0,0,0,0,0,1,evening,morning,0,1,71,59,1,0
U040,R0249,C1,chore,flexible,90,1,18,1,14,Sun,1,4,120,30,203,140,140,0,2,0.159,0,0,0,1,0,0,1,evening,afternoon,0,1,63,51,1,0
U040,R0249,C2,chore,flexible,90,1,18,0,21,Wed,0,0,120,30,44,69,44,0,5,0.687,0,0,0,1,0,0,1,evening,night,0,1,36,26,0,1
U040,R0249,C3,chore,flexible,90,1,18,1,20,Thu,0,1,90,0,146,240,146,0,2,0.246,0,0,0,1,0,0,1,evening,evening,1,1,13,65,1,0
U040,R0249,C4,chore,flexible,90,1,18,1,19,Sat,1,3,150,60,4,83,4,1,7,0.96,0,0,0,1,0,0,1,evening,evening,1,1,66,39,0,0
U037,R0250,C1,meeting,fixed,90,0,-1,0,10,Tue,0,0,120,30,105,81,81,0,7,0.747,1,1,0,0,0,0,1,morning,morning,1,1,0,63,1,0
U037,R0250,C2,meeting,fixed,90,0,-1,0,7,Thu,0,2,135,45,117,165,117,0,5,0.481,1,1,0,0,0,0,1,morning,morning,1,1,29,87,1,1
U037,R0250,C3,meeting,fixed,90,0,-1,0,23,Fri,0,3,150,60,179,130,130,0,4,0.365,1,1,0,0,0,0,1,morning,night,0,1,44,69,1,0
U037,R0250,C4,meeting,fixed,90,0,-1,0,18,Sat,1,4,135,45,198,100,100,0,5,0.47,1,1,0,0,0,0,1,morning,evening,0,1,61,71,1,0
U034,R0251,C1,meeting,flexible,60,0,-1,0,11,Sun,1,4,120,60,117,141,117,0,2,0.24,0,1,1,0,0,1,1,afternoon,morning,0,1,16,80,1,0
U034,R0251,C2,meeting,flexible,60,0,-1,0,15,Sat,1,3,180,120,141,120,120,0,4,0.408,0,1,1,0,0,1,1,afternoon,afternoon,1,1,54,83,1,1
U034,R0251,C3,meeting,flexible,60,0,-1,0,17,Mon,0,5,90,30,94,121,94,0,4,0.475,0,1,1,0,0,1,1,afternoon,evening,0,1,41,33,1,0
U034,R0251,C4,meeting,flexible,60,0,-1,0,13,Wed,0,0,90,30,0,161,0,1,7,0.959,0,1,1,0,0,1,1,afternoon,afternoon,1,1,36,49,0,0
U019,R0252,C1,meeting,semi_flexible,90,0,-1,0,19,Wed,0,3,135,45,63,88,63,0,3,0.414,0,0,0,0,0,0,1,evening,evening,1,1,64,56,0,0
U019,R0252,C2,meeting,semi_flexible,90,0,-1,0,21,Thu,0,4,135,45,108,227,108,0,3,0.314,0,0,0,0,0,0,1,evening,night,0,1,86,18,1,0
U019,R0252,C3,meeting,semi_flexible,90,0,-1,0,9,Thu,0,4,90,0,132,86,86,0,4,0.47,0,0,0,0,0,0,1,evening,morning,0,1,63,23,1,1
U019,R0252,C4,meeting,semi_flexible,90,0,-1,0,20,Thu,0,4,150,60,108,112,108,0,3,0.307,0,0,0,0,0,0,1,evening,evening,1,1,38,20,1,0
U025,R0253,C1,personal_task,flexible,90,0,-1,0,18,Wed,0,5,180,90,61,120,61,0,2,0.32,0,0,0,0,0,0,0,evening,evening,1,0,0,0,1,0
U025,R0253,C2,personal_task,flexible,90,0,-1,0,13,Tue,0,4,150,60,124,112,112,0,4,0.427,0,0,0,0,0,0,0,evening,afternoon,0,0,0,0,1,0
U025,R0253,C3,personal_task,flexible,90,0,-1,0,22,Sat,1,1,120,30,54,73,54,0,5,0.683,0,0,0,0,0,0,0,evening,night,0,0,0,0,1,0
U025,R0253,C4,personal_task,flexible,90,0,-1,0,18,Sun,1,2,135,45,214,138,138,0,1,0.142,0,0,0,0,0,0,0,evening,evening,1,0,0,0,1,1
U014,R0254,C1,meeting,semi_flexible,90,0,-1,0,22,Tue,0,1,105,15,213,141,141,0,4,0.422,1,0,0,0,0,0,1,evening,night,0,1,58,85,1,0
U014,R0254,C2,meeting,semi_flexible,90,0,-1,0,17,Mon,0,0,105,15,124,137,124,0,3,0.313,1,0,0,0,0,0,1,evening,evening,1,1,6,19,1,1
U014,R0254,C3,meeting,semi_flexible,90,0,-1,0,18,Tue,0,1,105,15,53,94,53,0,2,0.358,1,0,0,0,0,0,1,evening,evening,1,1,83,60,0,0
U014,R0254,C4,meeting,semi_flexible,90,0,-1,0,11,Fri,0,4,150,60,182,125,125,0,1,0.15,1,0,0,0,0,0,1,evening,morning,0,1,32,35,1,0
U033,R0255,C1,chore,fixed,120,1,54,1,14,Sun,1,5,120,0,91,109,91,0,8,0.817,0,0,0,0,0,0,1,afternoon,afternoon,1,1,89,25,0,0
U033,R0255,C2,chore,fixed,120,1,54,1,13,Fri,0,3,165,45,126,25,25,0,4,0.518,0,0,0,0,0,0,1,afternoon,afternoon,1,1,59,88,0,0
U033,R0255,C3,chore,fixed,120,1,54,1,14,Fri,0,3,165,45,105,204,105,0,1,0.211,0,0,0,0,0,0,1,afternoon,afternoon,1,1,26,48,1,1
U033,R0255,C4,chore,fixed,120,1,54,1,14,Sun,1,5,165,45,34,10,10,1,7,0.882,0,0,0,0,0,0,1,afternoon,afternoon,1,1,73,39,0,0
U025,R0256,C1,personal_task,flexible,30,1,30,0,13,Thu,0,0,150,120,99,143,99,0,3,0.301,0,0,0,0,0,0,1,evening,afternoon,0,0,0,0,1,1
U025,R0256,C2,personal_task,flexible,30,1,30,1,18,Tue,0,5,120,90,107,98,98,0,3,0.319,0,0,0,0,0,0,1,evening,evening,1,0,0,0,1,0
U025,R0256,C3,personal_task,flexible,30,1,30,0,10,Thu,0,0,45,15,148,123,123,0,3,0.282,0,0,0,0,0,0,1,evening,morning,0,0,0,0,1,0
U025,R0256,C4,personal_task,flexible,30,1,30,1,22,Tue,0,5,45,15,71,191,71,0,1,0.279,0,0,0,0,0,0,1,evening,night,0,0,0,0,1,0
U026,R0257,C1,chore,flexible,45,0,-1,0,10,Tue,0,0,60,15,216,196,196,0,0,0.0,1,0,0,0,0,0,1,morning,morning,1,0,0,0,1,1
U026,R0257,C2,chore,flexible,45,0,-1,0,23,Wed,0,1,75,30,36,135,36,0,3,0.435,1,0,0,0,0,0,1,morning,night,0,0,0,0,1,0
U026,R0257,C3,chore,flexible,45,0,-1,0,10,Fri,0,3,105,60,129,102,102,0,8,0.71,1,0,0,0,0,0,1,morning,morning,1,0,0,0,1,0
U026,R0257,C4,chore,flexible,45,0,-1,0,7,Sun,1,5,90,45,205,102,102,0,2,0.256,1,0,0,0,0,0,1,morning,morning,1,0,0,0,1,0
U017,R0258,C1,hospital,semi_flexible,45,0,-1,0,9,Tue,0,3,135,90,200,220,200,0,4,0.325,0,1,0,1,0,0,1,afternoon,morning,0,1,3,65,1,0
U017,R0258,C2,hospital,semi_flexible,45,0,-1,0,16,Sat,1,0,45,0,49,203,49,0,2,0.479,0,1,0,1,0,0,1,afternoon,afternoon,1,1,57,10,0,0
U017,R0258,C3,hospital,semi_flexible,45,0,-1,0,13,Mon,0,2,105,60,225,90,90,0,4,0.442,0,1,0,1,0,0,1,afternoon,afternoon,1,1,16,86,0,0
U017,R0258,C4,hospital,semi_flexible,45,0,-1,0,14,Mon,0,2,135,90,185,80,80,0,3,0.45,0,1,0,1,0,0,1,afternoon,afternoon,1,1,30,0,1,1
U026,R0259,C1,study,semi_flexible,45,1,62,1,11,Mon,0,3,135,90,60,124,60,0,4,0.527,1,1,0,0,0,1,1,morning,morning,1,0,0,0,1,0
U026,R0259,C2,study,semi_flexible,45,1,62,0,8,Fri,0,0,75,30,56,26,26,0,6,0.753,1,1,0,0,0,1,1,morning,morning,1,0,0,0,1,0
U026,R0259,C3,study,semi_flexible,45,1,62,0,10,Fri,0,0,75,30,28,99,28,0,3,0.54,1,1,0,0,0,1,1,morning,morning,1,0,0,0,1,0
U026,R0259,C4,study,semi_flexible,45,1,62,0,19,Fri,0,0,105,60,134,143,134,0,2,0.231,1,1,0,0,0,1,1,morning,evening,0,0,0,0,1,1
U003,R0260,C1,meeting,fixed,30,0,-1,0,20,Tue,0,5,60,30,66,128,66,0,4,0.531,0,0,0,0,0,0,1,evening,evening,1,1,51,47,1,0
U003,R0260,C2,meeting,fixed,30,0,-1,0,23,Thu,0,0,30,0,193,230,193,0,0,0.002,0,0,0,0,0,0,1,evening,night,0,1,71,28,1,0
U003,R0260,C3,meeting,fixed,30,0,-1,0,14,Mon,0,4,120,90,223,70,70,0,2,0.357,0,0,0,0,0,0,1,evening,afternoon,0,1,41,63,0,0
U003,R0260,C4,meeting,fixed,30,0,-1,0,19,Fri,0,1,150,120,123,132,123,0,2,0.208,0,0,0,0,0,0,1,evening,evening,1,1,36,40,1,1
U018,R0261,C1,personal_task,fixed,120,0,-1,0,16,Sat,1,2,135,15,126,98,98,0,4,0.339,0,0,0,0,0,0,1,morning,afternoon,0,0,0,0,1,0
U018,R0261,C2,personal_task,fixed,120,0,-1,0,7,Sat,1,2,165,45,18,92,18,0,6,0.74,0,0,0,0,0,0,1,morning,morning,1,0,0,0,1,1
U018,R0261,C3,personal_task,fixed,120,0,-1,0,22,Sat,1,2,165,45,105,240,105,0,3,0.31,0,0,0,0,0,0,1,morning,night,0,0,0,0,1,0
U018,R0261,C4,personal_task,fixed,120,0,-1,0,13,Mon,0,4,165,45,10,212,10,1,3,0.61,0,0,0,0,0,0,1,morning,afternoon,0,0,0,0,1,0
U022,R0262,C1,chore,semi_flexible,60,1,64,0,19,Thu,0,2,150,90,0,113,0,1,4,0.747,0,0,0,0,0,0,1,afternoon,evening,0,1,48,38,0,1
U022,R0262,C2,chore,semi_flexible,60,1,64,0,9,Thu,0,2,180,120,76,28,28,0,6,0.767,0,0,0,0,0,0,1,afternoon,morning,0,1,21,35,0,0
U022,R0262,C3,chore,semi_flexible,60,1,64,0,7,Wed,0,1,75,15,0,33,0,1,7,0.946,0,0,0,0,0,0,1,afternoon,morning,0,1,0,15,0,0
U022,R0262,C4,chore,semi_flexible,60,1,64,1,23,Fri,0,3,90,30,119,103,103,0,2,0.274,0,0,0,0,0,0,1,afternoon,night,0,1,84,68,1,0
U008,R0263,C1,study,semi_flexible,30,0,-1,0,10,Fri,0,2,120,90,22,104,22,0,5,0.662,0,0,0,0,0,0,1,evening,morning,0,1,68,16,0,0
U008,R0263,C2,study,semi_flexible,30,0,-1,0,17,Wed,0,0,45,15,145,195,145,0,3,0.237,0,0,0,0,0,0,1,evening,evening,1,1,4,72,1,1
U008,R0263,C3,study,semi_flexible,30,0,-1,0,13,Thu,0,1,180,150,149,125,125,0,4,0.41,0,0,0,0,0,0,1,evening,afternoon,0,1,66,73,1,0
U008,R0263,C4,study,semi_flexible,30,0,-1,0,22,Sun,1,4,180,150,205,117,117,0,4,0.411,0,0,0,0,0,0,1,evening,night,0,1,80,58,1,0
U017,R0264,C1,shopping,fixed,30,1,41,1,19,Sat,1,5,180,150,147,139,139,0,0,0.048,0,0,0,0,0,0,1,afternoon,evening,0,0,0,0,1,0
U017,R0264,C2,shopping,fixed,30,1,41,0,15,Mon,0,0,45,15,96,69,69,0,4,0.455,0,0,0,0,0,0,1,afternoon,afternoon,1,0,0,0,1,1
U017,R0264,C3,shopping,fixed,30,1,41,1,14,Sat,1,5,75,45,34,60,34,0,5,0.639,0,0,0,0,0,0,1,afternoon,afternoon,1,0,0,0,1,0
U017,R0264,C4,shopping,fixed,30,1,41,1,17,Sat,1,5,45,15,0,79,0,1,6,0.817,0,0,0,0,0,0,1,afternoon,evening,0,0,0,0,1,0
U014,R0265,C1,study,semi_flexible,60,0,-1,0,23,Mon,0,5,120,60,199,240,199,0,1,0.064,1,1,1,0,0,0,1,evening,night,0,0,0,0,1,1
U014,R0265,C2,study,semi_flexible,60,0,-1,0,14,Sat,1,3,150,90,172,240,172,0,0,0.0,1,1,1,0,0,0,1,evening,afternoon,0,0,0,0,1,0
U014,R0265,C3,study,semi_flexible,60,0,-1,0,8,Thu,0,1,105,45,79,73,73,0,3,0.347,1,1,1,0,0,0,1,evening,morning,0,0,0,0,1,0
U014,R0265,C4,study,semi_flexible,60,0,-1,0,11,Wed,0,0,60,0,145,167,145,0,0,0.045,1,1,1,0,0,0,1,evening,morning,0,0,0,0,1,0
U024,R0266,C1,study,semi_flexible,90,1,62,0,17,Sun,1,1,150,60,175,199,175,0,0,0.0,0,0,1,0,0,0,1,evening,evening,1,0,0,0,1,1
U024,R0266,C2,study,semi_flexible,90,1,62,0,13,Sun,1,1,150,60,41,117,41,0,7,0.745,0,0,1,0,0,0,1,evening,afternoon,0,0,0,0,1,0
U024,R0266,C3,study,semi_flexible,90,1,62,0,17,Sun,1,1,135,45,174,106,106,0,1,0.209,0,0,1,0,0,0,1,evening,evening,1,0,0,0,1,0
U024,R0266,C4,study,semi_flexible,90,1,62,0,17,Sun,1,1,150,60,111,111,111,0,4,0.414,0,0,1,0,0,0,1,evening,evening,1,0,0,0,1,0
U016,R0267,C1,study,semi_flexible,90,1,65,0,7,Thu,0,2,150,60,68,160,68,0,7,0.635,0,0,0,0,0,0,1,morning,morning,1,0,0,0,1,0
U016,R0267,C2,study,semi_flexible,90,1,65,1,14,Sat,1,4,120,30,88,168,88,0,3,0.439,0,0,0,0,0,0,1,morning,afternoon,0,0,0,0,1,0
U016,R0267,C3,study,semi_flexible,90,1,65,0,8,Wed,0,1,105,15,219,173,173,0,0,0.028,0,0,0,0,0,0,1,morning,morning,1,0,0,0,1,1
U016,R0267,C4,study,semi_flexible,90,1,65,1,21,Sun,1,5,150,60,203,42,42,0,4,0.558,0,0,0,0,0,0,1,morning,night,0,0,0,0,1,0
U015,R0268,C1,personal_task,flexible,120,1,8,1,21,Wed,0,1,120,0,100,186,100,0,6,0.596,0,0,0,0,0,0,1,afternoon,night,0,1,46,89,1,1
U015,R0268,C2,personal_task,flexible,120,1,8,1,20,Sat,1,4,135,15,0,78,0,1,7,0.92,0,0,0,0,0,0,1,afternoon,evening,0,1,53,75,0,0
U015,R0268,C3,personal_task,flexible,120,1,8,1,15,Wed,0,1,165,45,0,0,0,1,7,0.964,0,0,0,0,0,0,1,afternoon,afternoon,1,1,62,0,0,0
U015,R0268,C4,personal_task,flexible,120,1,8,1,15,Sat,1,4,165,45,40,126,40,0,4,0.536,0,0,0,0,0,0,1,afternoon,afternoon,1,1,51,64,0,0
U036,R0269,C1,study,flexible,45,0,-1,0,12,Sat,1,3,45,0,189,192,189,0,2,0.174,1,0,0,0,0,0,1,morning,afternoon,0,0,0,0,1,0
U036,R0269,C2,study,flexible,45,0,-1,0,20,Sun,1,4,60,15,74,35,35,0,7,0.764,1,0,0,0,0,0,1,morning,evening,0,0,0,0,1,0
U036,R0269,C3,study,flexible,45,0,-1,0,8,Fri,0,2,135,90,8,149,8,1,4,0.664,1,0,0,0,0,0,1,morning,morning,1,0,0,0,1,0
U036,R0269,C4,study,flexible,45,0,-1,0,7,Thu,0,1,90,45,71,73,71,0,5,0.572,1,0,0,0,0,0,1,morning,morning,1,0,0,0,1,1
U010,R0270,C1,exercise,flexible,90,0,-1,0,8,Thu,0,4,105,15,234,152,152,0,1,0.133,0,0,0,0,0,0,1,afternoon,morning,0,1,43,21,1,1
U010,R0270,C2,exercise,flexible,90,0,-1,0,14,Tue,0,2,150,60,51,128,51,0,4,0.582,0,0,0,0,0,0,1,afternoon,afternoon,1,1,23,74,1,0
U010,R0270,C3,exercise,flexible,90,0,-1,0,16,Mon,0,1,180,90,186,117,117,0,1,0.201,0,0,0,0,0,0,1,afternoon,afternoon,1,1,29,85,1,0
U010,R0270,C4,exercise,flexible,90,0,-1,0,11,Tue,0,2,90,0,87,0,0,1,8,0.949,0,0,0,0,0,0,1,afternoon,morning,0,1,71,66,0,0
U029,R0271,C1,study,flexible,90,1,86,0,9,Sat,1,0,105,15,134,103,103,0,2,0.237,0,0,0,0,0,0,1,morning,morning,1,0,0,0,1,0
U029,R0271,C2,study,flexible,90,1,86,1,14,Wed,0,4,180,90,197,171,171,0,1,0.082,0,0,0,0,0,0,1,morning,afternoon,0,0,0,0,1,0
U029,R0271,C3,study,flexible,90,1,86,0,8,Mon,0,2,150,60,194,110,110,0,0,0.163,0,0,0,0,0,0,1,morning,morning,1,0,0,0,1,1
U029,R0271,C4,study,flexible,90,1,86,0,14,Sun,1,1,135,45,36,91,36,0,5,0.72,0,0,0,0,0,0,1,morning,afternoon,0,0,0,0,1,0
U005,R0272,C1,hospital,semi_flexible,45,0,-1,0,22,Fri,0,1,90,45,163,240,163,0,1,0.126,1,0,1,0,0,0,1,morning,night,0,1,9,20,1,0
U005,R0272,C2,hospital,semi_flexible,45,0,-1,0,9,Tue,0,5,135,90,124,85,85,0,5,0.571,1,0,1,0,0,0,1,morning,morning,1,1,49,33,1,1
U005,R0272,C3,hospital,semi_flexible,45,0,-1,0,11,Mon,0,4,165,120,110,126,110,0,2,0.287,1,0,1,0,0,0,1,morning,morning,1,1,48,47,1,0
U005,R0272,C4,hospital,semi_flexible,45,0,-1,0,23,Sun,1,3,60,15,100,154,100,0,5,0.531,1,0,1,0,0,0,1,morning,night,0,1,12,4,1,0
U026,R0273,C1,meeting,fixed,60,0,-1,0,10,Wed,0,2,120,60,156,74,74,0,5,0.567,0,0,0,0,0,0,1,morning,morning,1,0,0,0,1,1
U026,R0273,C2,meeting,fixed,60,0,-1,0,8,Tue,0,1,75,15,113,44,44,0,4,0.535,0,0,0,0,0,0,1,morning,morning,1,0,0,0,1,0
U026,R0273,C3,meeting,fixed,60,0,-1,0,8,Thu,0,3,75,15,108,117,108,0,5,0.509,0,0,0,0,0,0,1,morning,morning,1,0,0,0,1,0
U026,R0273,C4,meeting,fixed,60,0,-1,0,7,Fri,0,4,90,30,155,173,155,0,3,0.257,0,0,0,0,0,0,1,morning,morning,1,0,0,0,1,0
U015,R0274,C1,personal_task,semi_flexible,90,0,-1,0,9,Thu,0,0,180,90,95,128,95,0,2,0.423,0,0,0,0,0,0,1,afternoon,morning,0,1,53,2,1,0
U015,R0274,C2,personal_task,semi_flexible,90,0,-1,0,16,Fri,0,1,180,90,164,170,164,0,1,0.049,0,0,0,0,0,0,1,afternoon,afternoon,1,1,24,28,1,1
U015,R0274,C3,personal_task,semi_flexible,90,0,-1,0,14,Fri,0,1,180,90,45,113,45,0,7,0.759,0,0,0,0,0,0,1,afternoon,afternoon,1,1,26,54,1,0
U015,R0274,C4,personal_task,semi_flexible,90,0,-1,0,23,Tue,0,5,135,45,22,171,22,0,7,0.738,0,0,0,0,0,0,1,afternoon,night,0,1,40,8,0,0
U039,R0275,C1,personal_task,flexible,60,0,-1,0,8,Wed,0,2,120,60,67,45,45,0,6,0.677,0,0,0,0,0,0,1,morning,morning,1,0,0,0,1,0
U039,R0275,C2,personal_task,flexible,60,0,-1,0,11,Tue,0,1,180,120,92,139,92,0,1,0.262,0,0,0,0,0,0,1,morning,morning,1,0,0,0,1,1
U039,R0275,C3,personal_task,flexible,60,0,-1,0,8,Wed,0,2,90,30,0,36,0,1,8,1.0,0,0,0,0,0,0,1,morning,morning,1,0,0,0,1,0
U039,R0275,C4,personal_task,flexible,60,0,-1,0,20,Tue,0,1,120,60,232,81,81,0,4,0.437,0,0,0,0,0,0,1,morning,evening,0,0,0,0,1,0
U030,R0276,C1,hospital,semi_flexible,30,1,106,0,20,Sun,1,2,30,0,181,22,22,0,4,0.618,0,1,0,0,0,0,1,evening,evening,1,1,41,35,0,0
U030,R0276,C2,hospital,semi_flexible,30,1,106,0,20,Sat,1,1,150,120,54,93,54,0,3,0.461,0,1,0,0,0,0,1,evening,evening,1,1,80,2,0,1
U030,R0276,C3,hospital,semi_flexible,30,1,106,0,23,Tue,0,4,75,45,148,105,105,0,4,0.441,0,1,0,0,0,0,1,evening,night,0,1,74,41,1,0
U030,R0276,C4,hospital,semi_flexible,30,1,106,1,20,Wed,0,5,150,120,71,100,71,0,2,0.342,0,1,0,0,0,0,1,evening,evening,1,1,21,36,1,0
U009,R0277,C1,personal_task,semi_flexible,30,1,66,0,21,Wed,0,0,90,60,60,214,60,0,1,0.237,0,0,0,1,0,1,1,morning,night,0,0,0,0,1,1
U009,R0277,C2,personal_task,semi_flexible,30,1,66,1,19,Mon,0,5,45,15,180,187,180,0,4,0.254,0,0,0,1,0,1,1,morning,evening,0,0,0,0,1,0
U009,R0277,C3,personal_task,semi_flexible,30,1,66,1,10,Sun,1,4,45,15,105,24,24,0,3,0.489,0,0,0,1,0,1,1,morning,morning,1,0,0,0,1,0
U009,R0277,C4,personal_task,semi_flexible,30,1,66,1,13,Mon,0,5,60,30,142,2,2,1,7,0.953,0,0,0,1,0,1,1,morning,afternoon,0,0,0,0,1,0
U013,R0278,C1,hospital,fixed,60,0,-1,0,18,Fri,0,5,180,120,147,171,147,0,4,0.388,1,0,0,1,0,0,1,evening,evening,1,0,0,0,1,0
U013,R0278,C2,hospital,fixed,60,0,-1,0,11,Mon,0,1,150,90,47,206,47,0,3,0.466,1,0,0,1,0,0,1,evening,morning,0,0,0,0,1,1
U013,R0278,C3,hospital,fixed,60,0,-1,0,19,Tue,0,2,120,60,89,118,89,0,5,0.548,1,0,0,1,0,0,1,evening,evening,1,0,0,0,1,0
U013,R0278,C4,hospital,fixed,60,0,-1,0,9,Mon,0,1,90,30,176,168,168,0,5,0.358,1,0,0,1,0,0,1,evening,morning,0,0,0,0,1,0
U014,R0279,C1,study,fixed,45,0,-1,0,23,Wed,0,2,60,15,103,154,103,0,4,0.38,0,0,0,0,0,0,1,evening,night,0,0,0,0,1,0
U014,R0279,C2,study,fixed,45,0,-1,0,20,Wed,0,2,165,120,185,52,52,0,1,0.341,0,0,0,0,0,0,1,evening,evening,1,0,0,0,1,0
U014,R0279,C3,study,fixed,45,0,-1,0,12,Thu,0,3,105,60,140,170,140,0,0,0.053,0,0,0,0,0,0,1,evening,afternoon,0,0,0,0,1,0
U014,R0279,C4,study,fixed,45,0,-1,0,20,Wed,0,2,105,60,194,130,130,0,2,0.246,0,0,0,0,0,0,1,evening,evening,1,0,0,0,1,1
U021,R0280,C1,hospital,fixed,45,0,-1,0,18,Sat,1,0,135,90,240,177,177,0,1,0.076,1,1,0,0,0,1,1,evening,evening,1,1,90,3,1,1
U021,R0280,C2,hospital,fixed,45,0,-1,0,18,Sat,1,0,60,15,1,12,1,1,7,0.892,1,1,0,0,0,1,1,evening,evening,1,1,61,16,0,0
U021,R0280,C3,hospital,fixed,45,0,-1,0,18,Sat,1,0,135,90,157,180,157,0,1,0.081,1,1,0,0,0,1,1,evening,evening,1,1,8,66,1,0
U021,R0280,C4,hospital,fixed,45,0,-1,0,20,Sun,1,1,90,45,185,86,86,0,6,0.602,1,1,0,0,0,1,1,evening,evening,1,1,88,75,1,0
U030,R0281,C1,chore,flexible,45,0,-1,0,17,Sat,1,4,105,60,96,148,96,0,4,0.425,0,0,0,0,0,0,1,evening,evening,1,1,35,59,1,0
U030,R0281,C2,chore,flexible,45,0,-1,0,19,Sat,1,4,165,120,73,0,0,1,4,0.67,0,0,0,0,0,0,1,evening,evening,1,1,57,65,0,0
U030,R0281,C3,chore,flexible,45,0,-1,0,12,Fri,0,3,135,90,205,173,173,0,2,0.106,0,0,0,0,0,0,1,evening,afternoon,0,1,34,10,1,0
U030,R0281,C4,chore,flexible,45,0,-1,0,12,Wed,0,1,45,0,172,188,172,0,2,0.098,0,0,0,0,0,0,1,evening,afternoon,0,1,14,46,1,1
U036,R0282,C1,study,flexible,60,0,-1,0,10,Thu,0,4,180,120,88,99,88,0,3,0.404,1,0,0,1,0,1,1,morning,morning,1,1,57,54,1,1
U036,R0282,C2,study,flexible,60,0,-1,0,8,Wed,0,3,120,60,87,0,0,1,7,0.923,1,0,0,1,0,1,1,morning,morning,1,1,26,28,0,0
U036,R0282,C3,study,flexible,60,0,-1,0,11,Tue,0,2,75,15,75,45,45,0,5,0.574,1,0,0,1,0,1,1,morning,morning,1,1,88,79,0,0
U036,R0282,C4,study,flexible,60,0,-1,0,12,Fri,0,5,120,60,129,143,129,0,2,0.186,1,0,0,1,0,1,1,morning,afternoon,0,1,30,20,1,0
U033,R0283,C1,meeting,flexible,120,0,-1,0,12,Fri,0,0,135,15,162,132,132,0,3,0.337,0,0,0,1,0,0,1,afternoon,afternoon,1,0,0,0,1,1
U033,R0283,C2,meeting,flexible,120,0,-1,0,7,Wed,0,5,165,45,26,71,26,0,5,0.655,0,0,0,1,0,0,1,afternoon,morning,0,0,0,0,1,0
U033,R0283,C3,meeting,flexible,120,0,-1,0,18,Wed,0,5,135,15,156,82,82,0,3,0.494,0,0,0,1,0,0,1,afternoon,evening,0,0,0,0,1,0
U033,R0283,C4,meeting,flexible,120,0,-1,0,8,Wed,0,5,120,0,233,147,147,0,0,0.008,0,0,0,1,0,0,1,afternoon,morning,0,0,0,0,1,0
U029,R0284,C1,meeting,semi_flexible,90,0,-1,0,7,Wed,0,1,120,30,148,197,148,0,1,0.066,0,0,0,0,0,0,1,morning,morning,1,1,8,47,1,0
U029,R0284,C2,meeting,semi_flexible,90,0,-1,0,8,Thu,0,2,105,15,107,107,107,0,5,0.492,0,0,0,0,0,0,1,morning,morning,1,1,62,3,1,0
U029,R0284,C3,meeting,semi_flexible,90,0,-1,0,22,Thu,0,2,150,60,81,197,81,0,5,0.547,0,0,0,0,0,0,1,morning,night,0,1,18,31,1,1
U029,R0284,C4,meeting,semi_flexible,90,0,-1,0,8,Thu,0,2,135,45,195,92,92,0,3,0.44,0,0,0,0,0,0,1,morning,morning,1,1,31,90,0,0
U022,R0285,C1,study,fixed,120,1,95,0,14,Mon,0,0,135,15,212,175,175,0,1,0.136,0,0,0,0,0,0,1,afternoon,afternoon,1,1,55,12,1,1
U022,R0285,C2,study,fixed,120,1,95,1,16,Fri,0,4,135,15,89,0,0,1,6,0.846,0,0,0,0,0,0,1,afternoon,afternoon,1,1,54,35,0,0
U022,R0285,C3,study,fixed,120,1,95,0,23,Mon,0,0,150,30,162,77,77,0,3,0.447,0,0,0,0,0,0,1,afternoon,night,0,1,41,35,1,0
U022,R0285,C4,study,fixed,120,1,95,1,16,Sat,1,5,135,15,0,48,0,1,5,0.731,0,0,0,0,0,0,1,afternoon,afternoon,1,1,78,27,0,0
U006,R0286,C1,study,flexible,90,1,95,0,10,Wed,0,1,120,30,10,178,10,1,6,0.865,0,0,1,0,1,0,1,night,morning,0,0,0,0,1,0
U006,R0286,C2,study,flexible,90,1,95,0,10,Tue,0,0,90,0,240,106,106,0,2,0.354,0,0,1,0,1,0,1,night,morning,0,0,0,0,1,0
U006,R0286,C3,study,flexible,90,1,95,1,23,Sat,1,4,180,90,161,185,161,0,3,0.234,0,0,1,0,1,0,1,night,night,1,0,0,0,1,1
U006,R0286,C4,study,flexible,90,1,95,0,13,Tue,0,0,120,30,142,166,142,0,1,0.148,0,0,1,0,1,0,1,night,afternoon,0,0,0,0,1,0
U038,R0287,C1,shopping,flexible,30,0,-1,0,17,Tue,0,0,60,30,183,109,109,0,4,0.403,0,0,0,0,0,0,1,afternoon,evening,0,1,13,12,1,0
U038,R0287,C2,shopping,flexible,30,0,-1,0,11,Thu,0,2,75,45,124,122,122,0,3,0.299,0,0,0,0,0,0,1,afternoon,morning,0,1,33,11,1,1
U038,R0287,C3,shopping,flexible,30,0,-1,0,12,Sun,1,5,75,45,24,60,24,0,4,0.569,0,0,0,0,0,0,1,afternoon,afternoon,1,1,49,20,0,0
U038,R0287,C4,shopping,flexible,30,0,-1,0,8,Sun,1,5,90,60,62,148,62,0,4,0.495,0,0,0,0,0,0,1,afternoon,morning,0,1,9,33,1,0
U009,R0288,C1,chore,flexible,90,1,108,0,11,Mon,0,1,90,0,141,126,126,0,5,0.486,1,0,0,0,0,0,0,morning,morning,1,1,78,10,1,0
U009,R0288,C2,chore,flexible,90,1,108,0,23,Sun,1,0,105,15,97,129,97,0,0,0.157,1,0,0,0,0,0,0,morning,night,0,1,65,26,1,0
U009,R0288,C3,chore,flexible,90,1,108,0,7,Thu,0,4,90,0,192,174,174,0,3,0.183,1,0,0,0,0,0,0,morning,morning,1,1,34,87,1,1
U009,R0288,C4,chore,flexible,90,1,108,0,16,Tue,0,2,150,60,121,79,79,0,8,0.726,1,0,0,0,0,0,0,morning,afternoon,0,1,37,30,1,0
U012,R0289,C1,shopping,flexible,45,0,-1,0,23,Mon,0,2,90,45,153,80,80,0,4,0.422,0,0,1,0,0,1,1,night,night,1,1,56,9,1,0
U012,R0289,C2,shopping,flexible,45,0,-1,0,23,Sun,1,1,165,120,178,145,145,0,3,0.317,0,0,1,0,0,1,1,night,night,1,1,21,55,1,1
U012,R0289,C3,shopping,flexible,45,0,-1,0,23,Thu,0,5,135,90,40,16,16,0,8,0.812,0,0,1,0,0,1,1,night,night,1,1,7,55,0,0
U012,R0289,C4,shopping,flexible,45,0,-1,0,23,Tue,0,3,45,0,151,53,53,0,4,0.539,0,0,1,0,0,1,1,night,night,1,1,48,41,1,0
U012,R0290,C1,study,flexible,60,1,114,1,17,Sat,1,5,180,120,88,106,88,0,3,0.349,0,0,1,0,0,0,1,night,evening,0,0,0,0,1,0
U012,R0290,C2,study,flexible,60,1,114,0,22,Mon,0,0,75,15,160,0,0,1,7,0.88,0,0,1,0,0,0,1,night,night,1,0,0,0,1,0
U012,R0290,C3,study,flexible,60,1,114,0,16,Mon,0,0,75,15,116,13,13,1,5,0.708,0,0,1,0,0,0,1,night,afternoon,0,0,0,0,1,1
U012,R0290,C4,study,flexible,60,1,114,0,16,Wed,0,2,180,120,0,117,0,1,7,0.898,0,0,1,0,0,0,1,night,afternoon,0,0,0,0,1,0
U025,R0291,C1,shopping,fixed,30,0,-1,0,9,Thu,0,1,30,0,221,190,190,0,2,0.167,1,0,0,0,0,1,1,evening,morning,0,1,60,31,1,0
U025,R0291,C2,shopping,fixed,30,0,-1,0,8,Wed,0,0,60,30,165,34,34,0,1,0.364,1,0,0,0,0,1,1,evening,morning,0,1,27,33,0,0
U025,R0291,C3,shopping,fixed,30,0,-1,0,16,Wed,0,0,45,15,191,94,94,0,2,0.301,1,0,0,0,0,1,1,evening,afternoon,0,1,17,59,1,0
U025,R0291,C4,shopping,fixed,30,0,-1,0,19,Wed,0,0,45,15,168,45,45,0,1,0.288,1,0,0,0,0,1,1,evening,evening,1,1,55,60,0,1
U030,R0292,C1,chore,flexible,30,0,-1,0,23,Sun,1,2,180,150,113,240,113,0,4,0.397,0,0,0,0,0,0,1,evening,night,0,1,49,70,1,0
U030,R0292,C2,chore,flexible,30,0,-1,0,20,Wed,0,5,45,15,184,86,86,0,4,0.455,0,0,0,0,0,0,1,evening,evening,1,1,71,8,1,1
U030,R0292,C3,chore,flexible,30,0,-1,0,21,Fri,0,0,75,45,162,44,44,0,2,0.413,0,0,0,0,0,0,1,evening,night,0,1,38,85,0,0
U030,R0292,C4,chore,flexible,30,0,-1,0,13,Sat,1,1,90,60,96,158,96,0,5,0.611,0,0,0,0,0,0,1,evening,afternoon,0,1,82,86,1,0
U033,R0293,C1,meeting,fixed,60,0,-1,0,13,Mon,0,4,75,15,148,78,78,0,4,0.488,1,0,0,0,0,1,1,afternoon,afternoon,1,1,25,58,1,0
U033,R0293,C2,meeting,fixed,60,0,-1,0,15,Sun,1,3,150,90,209,93,93,0,2,0.296,1,0,0,0,0,1,1,afternoon,afternoon,1,1,35,32,1,0
U033,R0293,C3,meeting,fixed,60,0,-1,0,13,Thu,0,0,60,0,187,111,111,0,0,0.182,1,0,0,0,0,1,1,afternoon,afternoon,1,1,37,8,1,1
U033,R0293,C4,meeting,fixed,60,0,-1,0,18,Tue,0,5,150,90,48,79,48,0,8,0.837,1,0,0,0,0,1,1,afternoon,evening,0,1,46,0,0,0
U033,R0294,C1,exercise,flexible,30,0,-1,0,20,Mon,0,2,120,90,113,41,41,0,4,0.463,0,0,0,1,0,1,1,afternoon,evening,0,0,0,0,1,0
U033,R0294,C2,exercise,flexible,30,0,-1,0,15,Mon,0,2,120,90,145,226,145,0,1,0.138,0,0,0,1,0,1,1,afternoon,afternoon,1,0,0,0,1,1
U033,R0294,C3,exercise,flexible,30,0,-1,0,15,Wed,0,4,90,60,154,96,96,0,3,0.389,0,0,0,1,0,1,1,afternoon,afternoon,1,0,0,0,1,0
U033,R0294,C4,exercise,flexible,30,0,-1,0,10,Sun,1,1,150,120,180,166,166,0,3,0.216,0,0,0,1,0,1,1,afternoon,morning,0,0,0,0,1,0
U015,R0295,C1,hospital,fixed,90,0,-1,0,12,Sat,1,1,150,60,240,116,116,0,2,0.267,0,0,0,0,0,0,1,afternoon,afternoon,1,0,0,0,1,1
U015,R0295,C2,hospital,fixed,90,0,-1,0,23,Mon,0,3,120,30,175,150,150,0,1,0.124,0,0,0,0,0,0,1,afternoon,night,0,0,0,0,1,0
U015,R0295,C3,hospital,fixed,90,0,-1,0,13,Tue,0,4,150,60,225,134,134,0,3,0.284,0,0,0,0,0,0,1,afternoon,afternoon,1,0,0,0,1,0
U015,R0295,C4,hospital,fixed,90,0,-1,0,18,Fri,0,0,135,45,189,138,138,0,0,0.043,0,0,0,0,0,0,1,afternoon,evening,0,0,0,0,1,0
U021,R0296,C1,personal_task,fixed,90,1,114,0,7,Tue,0,2,135,45,149,192,149,0,3,0.343,0,1,0,0,0,0,1,evening,morning,0,0,0,0,1,0
U021,R0296,C2,personal_task,fixed,90,1,114,1,16,Fri,0,5,180,90,84,146,84,0,5,0.582,0,1,0,0,0,0,1,evening,afternoon,0,0,0,0,1,0
U021,R0296,C3,personal_task,fixed,90,1,114,0,20,Tue,0,2,150,60,36,103,36,0,3,0.445,0,1,0,0,0,0,1,evening,evening,1,0,0,0,1,0
U021,R0296,C4,personal_task,fixed,90,1,114,0,20,Thu,0,4,180,90,91,149,91,0,3,0.393,0,1,0,0,0,0,1,evening,evening,1,0,0,0,1,1
U038,R0297,C1,personal_task,semi_flexible,60,0,-1,0,10,Sat,1,0,150,90,130,113,113,0,2,0.257,1,0,0,0,0,0,1,afternoon,morning,0,0,0,0,1,0
U038,R0297,C2,personal_task,semi_flexible,60,0,-1,0,14,Wed,0,4,180,120,69,125,69,0,8,0.782,1,0,0,0,0,0,1,afternoon,afternoon,1,0,0,0,1,1
U038,R0297,C3,personal_task,semi_flexible,60,0,-1,0,18,Sun,1,1,150,90,67,161,67,0,0,0.163,1,0,0,0,0,0,1,afternoon,evening,0,0,0,0,1,0
U038,R0297,C4,personal_task,semi_flexible,60,0,-1,0,21,Mon,0,2,90,30,181,146,146,0,3,0.266,1,0,0,0,0,0,1,afternoon,night,0,0,0,0,1,0
U011,R0298,C1,personal_task,flexible,45,1,73,1,23,Sun,1,4,105,60,138,190,138,0,3,0.336,0,0,0,0,0,0,1,afternoon,night,0,0,0,0,1,0
U011,R0298,C2,personal_task,flexible,45,1,73,0,13,Fri,0,2,105,60,100,32,32,0,3,0.493,0,0,0,0,0,0,1,afternoon,afternoon,1,0,0,0,1,1
U011,R0298,C3,personal_task,flexible,45,1,73,1,19,Sat,1,3,45,0,42,16,16,0,5,0.617,0,0,0,0,0,0,1,afternoon,evening,0,0,0,0,1,0
U011,R0298,C4,personal_task,flexible,45,1,73,0,20,Fri,0,2,75,30,39,98,39,0,6,0.744,0,0,0,0,0,0,1,afternoon,evening,0,0,0,0,1,0
U040,R0299,C1,exercise,flexible,120,0,-1,0,20,Tue,0,3,120,0,214,156,156,0,1,0.121,1,0,0,0,0,0,1,evening,evening,1,1,51,39,1,0
U040,R0299,C2,exercise,flexible,120,0,-1,0,23,Mon,0,2,135,15,45,153,45,0,5,0.687,1,0,0,0,0,0,1,evening,night,0,1,58,3,0,0
U040,R0299,C3,exercise,flexible,120,0,-1,0,20,Tue,0,3,135,15,100,193,100,0,3,0.384,1,0,0,0,0,0,1,evening,evening,1,1,55,34,1,1
U040,R0299,C4,exercise,flexible,120,0,-1,0,18,Mon,0,2,120,0,176,0,0,1,4,0.728,1,0,0,0,0,0,1,evening,evening,1,1,7,50,0,0
U002,R0300,C1,exercise,flexible,60,0,-1,0,18,Thu,0,0,75,15,0,145,0,1,4,0.682,0,0,0,0,0,0,1,afternoon,evening,0,1,39,47,0,0
U002,R0300,C2,exercise,flexible,60,0,-1,0,12,Tue,0,5,75,15,108,106,106,0,3,0.327,0,0,0,0,0,0,1,afternoon,afternoon,1,1,29,58,1,0
U002,R0300,C3,exercise,flexible,60,0,-1,0,12,Mon,0,4,90,30,180,170,170,0,2,0.227,0,0,0,0,0,0,1,afternoon,afternoon,1,1,82,49,1,1
U002,R0300,C4,exercise,flexible,60,0,-1,0,14,Sun,1,3,120,60,49,77,49,0,8,0.824,0,0,0,0,0,0,1,afternoon,afternoon,1,1,2,16,1,0
U017,R0301,C1,meeting,fixed,120,0,-1,0,23,Mon,0,4,180,60,0,169,0,1,4,0.676,0,0,0,0,1,0,1,afternoon,night,0,0,0,0,1,0
U017,R0301,C2,meeting,fixed,120,0,-1,0,16,Tue,0,5,135,15,195,89,89,0,5,0.619,0,0,0,0,1,0,1,afternoon,afternoon,1,0,0,0,1,0
U017,R0301,C3,meeting,fixed,120,0,-1,0,13,Sun,1,3,150,30,80,194,80,0,4,0.486,0,0,0,0,1,0,1,afternoon,afternoon,1,0,0,0,1,1
U017,R0301,C4,meeting,fixed,120,0,-1,0,21,Mon,0,4,180,60,48,34,34,0,7,0.812,0,0,0,0,1,0,1,afternoon,night,0,0,0,0,1,0
U013,R0302,C1,personal_task,flexible,120,0,-1,0,20,Mon,0,1,180,60,95,0,0,1,8,1.0,0,0,0,0,0,0,1,evening,evening,1,0,0,0,1,0
U013,R0302,C2,personal_task,flexible,120,0,-1,0,20,Thu,0,4,135,15,153,128,128,0,3,0.291,0,0,0,0,0,0,1,evening,evening,1,0,0,0,1,1
U013,R0302,C3,personal_task,flexible,120,0,-1,0,17,Fri,0,5,150,30,111,63,63,0,6,0.599,0,0,0,0,0,0,1,evening,evening,1,0,0,0,1,0
U013,R0302,C4,personal_task,flexible,120,0,-1,0,20,Mon,0,1,165,45,172,176,172,0,3,0.221,0,0,0,0,0,0,1,evening,evening,1,0,0,0,1,0
U019,R0303,C1,meeting,semi_flexible,90,1,58,0,14,Mon,0,0,90,0,100,124,100,0,5,0.553,1,1,0,0,0,0,1,evening,afternoon,0,1,21,73,1,0
U019,R0303,C2,meeting,semi_flexible,90,1,58,0,19,Mon,0,0,180,90,195,154,154,0,4,0.317,1,1,0,0,0,0,1,evening,evening,1,1,36,63,1,1
U019,R0303,C3,meeting,semi_flexible,90,1,58,1,21,Sat,1,5,120,30,126,75,75,0,4,0.483,1,1,0,0,0,0,1,evening,night,0,1,57,9,1,0
U019,R0303,C4,meeting,semi_flexible,90,1,58,1,21,Sat,1,5,150,60,132,225,132,0,2,0.271,1,1,0,0,0,0,1,evening,night,0,1,17,16,1,0
U040,R0304,C1,study,flexible,45,1,68,0,18,Tue,0,1,45,0,100,65,65,0,7,0.715,0,0,0,0,0,0,1,evening,evening,1,1,51,33,1,1
U040,R0304,C2,study,flexible,45,1,68,1,17,Sat,1,5,165,120,225,162,162,0,3,0.268,0,0,0,0,0,0,1,evening,evening,1,1,21,73,1,0
U040,R0304,C3,study,flexible,45,1,68,1,20,Sat,1,5,75,30,183,115,115,0,5,0.47,0,0,0,0,0,0,1,evening,evening,1,1,56,84,1,0
U040,R0304,C4,study,flexible,45,1,68,1,20,Fri,0,4,90,45,12,87,12,1,4,0.739,0,0,0,0,0,0,1,evening,evening,1,1,87,17,0,0
U035,R0305,C1,study,fixed,45,1,16,1,13,Sun,1,5,75,30,172,59,59,0,8,0.808,0,0,0,0,0,0,1,afternoon,afternoon,1,1,80,53,0,0
U035,R0305,C2,study,fixed,45,1,16,1,17,Fri,0,3,135,90,204,156,156,0,1,0.079,0,0,0,0,0,0,1,afternoon,evening,0,1,57,14,1,0
U035,R0305,C3,study,fixed,45,1,16,1,23,Wed,0,1,90,45,95,114,95,0,5,0.542,0,0,0,0,0,0,1,afternoon,night,0,1,23,59,1,1
U035,R0305,C4,study,fixed,45,1,16,1,16,Sun,1,5,165,120,196,92,92,0,1,0.246,0,0,0,0,0,0,1,afternoon,afternoon,1,1,15,56,1,0
U038,R0306,C1,chore,flexible,30,1,70,1,15,Tue,0,4,90,60,126,97,97,0,1,0.23,0,0,0,0,1,0,1,afternoon,afternoon,1,0,0,0,1,0
U038,R0306,C2,chore,flexible,30,1,70,1,12,Mon,0,3,120,90,59,105,59,0,7,0.738,0,0,0,0,1,0,1,afternoon,afternoon,1,0,0,0,1,0
U038,R0306,C3,chore,flexible,30,1,70,0,15,Sat,1,1,45,15,171,134,134,0,1,0.091,0,0,0,0,1,0,1,afternoon,afternoon,1,0,0,0,1,1
U038,R0306,C4,chore,flexible,30,1,70,0,18,Fri,0,0,75,45,159,87,87,0,2,0.307,0,0,0,0,1,0,1,afternoon,evening,0,0,0,0,1,0
U033,R0307,C1,study,semi_flexible,60,0,-1,0,11,Mon,0,4,75,15,110,135,110,0,4,0.353,0,0,0,0,1,0,1,afternoon,morning,0,1,78,30,1,1
U033,R0307,C2,study,semi_flexible,60,0,-1,0,18,Sun,1,3,60,0,34,93,34,0,6,0.672,0,0,0,0,1,0,1,afternoon,evening,0,1,66,36,0,0
U033,R0307,C3,study,semi_flexible,60,0,-1,0,12,Mon,0,4,75,15,190,142,142,0,4,0.408,0,0,0,0,1,0,1,afternoon,afternoon,1,1,90,59,1,0
U033,R0307,C4,study,semi_flexible,60,0,-1,0,20,Thu,0,0,105,45,161,67,67,0,2,0.381,0,0,0,0,1,0,1,afternoon,evening,0,1,11,83,0,0
U001,R0308,C1,chore,flexible,45,0,-1,0,20,Fri,0,2,135,90,0,86,0,1,5,0.788,1,0,0,0,0,1,1,evening,evening,1,1,8,79,0,0
U001,R0308,C2,chore,flexible,45,0,-1,0,10,Thu,0,1,60,15,140,0,0,1,3,0.604,1,0,0,0,0,1,1,evening,morning,0,1,0,44,0,0
U001,R0308,C3,chore,flexible,45,0,-1,0,17,Thu,0,1,105,60,171,158,158,0,0,0.079,1,0,0,0,0,1,1,evening,evening,1,1,70,0,1,1
U001,R0308,C4,chore,flexible,45,0,-1,0,23,Mon,0,5,90,45,91,177,91,0,4,0.416,1,0,0,0,0,1,1,evening,night,0,1,80,28,1,0
U022,R0309,C1,meeting,semi_flexible,120,0,-1,0,16,Tue,0,3,180,60,76,164,76,0,5,0.598,0,1,0,1,0,1,1,afternoon,afternoon,1,1,64,80,1,1
U022,R0309,C2,meeting,semi_flexible,120,0,-1,0,16,Thu,0,5,150,30,181,112,112,0,1,0.174,0,1,0,1,0,1,1,afternoon,afternoon,1,1,3,3,1,0
U022,R0309,C3,meeting,semi_flexible,120,0,-1,0,18,Mon,0,2,165,45,96,156,96,0,0,0.151,0,1,0,1,0,1,1,afternoon,evening,0,1,46,47,1,0
U022,R0309,C4,meeting,semi_flexible,120,0,-1,0,23,Wed,0,4,150,30,92,103,92,0,4,0.466,0,1,0,1,0,1,1,afternoon,night,0,1,66,87,1,0
U040,R0310,C1,exercise,semi_flexible,60,0,-1,0,12,Sat,1,2,60,0,74,82,74,0,4,0.552,0,1,1,0,0,1,1,evening,afternoon,0,0,0,0,1,0
U040,R0310,C2,exercise,semi_flexible,60,0,-1,0,11,Fri,0,1,60,0,38,118,38,0,5,0.641,0,1,1,0,0,1,1,evening,morning,0,0,0,0,1,0
U040,R0310,C3,exercise,semi_flexible,60,0,-1,0,19,Tue,0,5,90,30,77,0,0,1,7,0.982,0,1,1,0,0,1,1,evening,evening,1,0,0,0,1,0
U040,R0310,C4,exercise,semi_flexible,60,0,-1,0,19,Sun,1,3,180,120,239,152,152,0,0,0.064,0,1,1,0,0,1,1,evening,evening,1,0,0,0,1,1
U014,R0311,C1,personal_task,flexible,30,0,-1,0,17,Sat,1,3,45,15,128,102,102,0,0,0.127,0,0,0,0,0,0,1,evening,evening,1,0,0,0,1,0
U014,R0311,C2,personal_task,flexible,30,0,-1,0,19,Mon,0,5,45,15,94,9,9,1,6,0.854,0,0,0,0,0,0,1,evening,evening,1,0,0,0,1,0
U014,R0311,C3,personal_task,flexible,30,0,-1,0,17,Thu,0,1,180,150,48,132,48,0,2,0.407,0,0,0,0,0,0,1,evening,evening,1,0,0,0,1,1
U014,R0311,C4,personal_task,flexible,30,0,-1,0,17,Sun,1,4,150,120,100,240,100,0,1,0.259,0,0,0,0,0,0,1,evening,evening,1,0,0,0,1,0
U025,R0312,C1,personal_task,flexible,90,0,-1,0,14,Sat,1,1,105,15,71,112,71,0,4,0.491,1,0,1,0,0,1,1,evening,afternoon,0,0,0,0,1,1
U025,R0312,C2,personal_task,flexible,90,0,-1,0,15,Fri,0,0,120,30,0,31,0,1,7,0.939,1,0,1,0,0,1,1,evening,afternoon,0,0,0,0,1,0
U025,R0312,C3,personal_task,flexible,90,0,-1,0,20,Sun,1,2,150,60,132,162,132,0,2,0.218,1,0,1,0,0,1,1,evening,evening,1,0,0,0,1,0
U025,R0312,C4,personal_task,flexible,90,0,-1,0,9,Tue,0,4,135,45,32,20,20,0,8,0.879,1,0,1,0,0,1,1,evening,morning,0,0,0,0,1,0
U033,R0313,C1,chore,flexible,60,1,45,1,16,Wed,0,3,75,15,127,64,64,0,4,0.528,0,0,0,0,1,0,1,afternoon,afternoon,1,1,65,38,1,0
U033,R0313,C2,chore,flexible,60,1,45,0,13,Sun,1,0,150,90,128,77,77,0,2,0.31,0,0,0,0,1,0,1,afternoon,afternoon,1,1,24,24,1,1
U033,R0313,C3,chore,flexible,60,1,45,1,14,Thu,0,4,105,45,102,91,91,0,4,0.434,0,0,0,0,1,0,1,afternoon,afternoon,1,1,71,56,1,0
U033,R0313,C4,chore,flexible,60,1,45,1,13,Fri,0,5,105,45,72,11,11,1,7,0.914,0,0,0,0,1,0,1,afternoon,afternoon,1,1,59,33,0,0
U021,R0314,C1,exercise,flexible,30,0,-1,0,20,Sat,1,0,60,30,108,126,108,0,2,0.242,0,0,0,0,0,0,1,evening,evening,1,1,71,75,1,1
U021,R0314,C2,exercise,flexible,30,0,-1,0,20,Sun,1,1,60,30,132,52,52,0,0,0.185,0,0,0,0,0,0,1,evening,evening,1,1,83,66,0,0
U021,R0314,C3,exercise,flexible,30,0,-1,0,18,Wed,0,4,150,120,157,36,36,0,6,0.702,0,0,0,0,0,0,1,evening,evening,1,1,12,70,0,0
U021,R0314,C4,exercise,flexible,30,0,-1,0,20,Thu,0,5,120,90,60,170,60,0,4,0.434,0,0,0,0,0,0,1,evening,evening,1,1,59,31,0,0
U003,R0315,C1,study,flexible,90,1,37,1,11,Wed,0,2,135,45,162,66,66,0,3,0.435,0,1,0,0,0,1,1,evening,morning,0,0,0,0,1,0
U003,R0315,C2,study,flexible,90,1,37,0,15,Tue,0,1,150,60,233,143,143,0,1,0.156,0,1,0,0,0,1,1,evening,afternoon,0,0,0,0,1,0
U003,R0315,C3,study,flexible,90,1,37,1,8,Sat,1,5,105,15,56,127,56,0,7,0.796,0,1,0,0,0,1,1,evening,morning,0,0,0,0,1,0
U003,R0315,C4,study,flexible,90,1,37,0,17,Mon,0,0,120,30,169,155,155,0,3,0.243,0,1,0,0,0,1,1,evening,evening,1,0,0,0,1,1
U017,R0316,C1,exercise,semi_flexible,60,0,-1,0,11,Tue,0,3,75,15,133,156,133,0,1,0.144,0,0,0,0,0,0,1,afternoon,morning,0,1,28,62,1,0
U017,R0316,C2,exercise,semi_flexible,60,0,-1,0,15,Sat,1,0,105,45,122,107,107,0,7,0.608,0,0,0,0,0,0,1,afternoon,afternoon,1,1,4,63,1,0
U017,R0316,C3,exercise,semi_flexible,60,0,-1,0,14,Tue,0,3,120,60,164,144,144,0,0,0.114,0,0,0,0,0,0,1,afternoon,afternoon,1,1,69,68,1,1
U017,R0316,C4,exercise,semi_flexible,60,0,-1,0,11,Wed,0,4,150,90,153,207,153,0,6,0.535,0,0,0,0,0,0,1,afternoon,morning,0,1,58,15,1,0
U016,R0317,C1,study,semi_flexible,30,1,106,1,10,Mon,0,5,75,45,113,78,78,0,4,0.558,0,0,1,0,0,0,1,morning,morning,1,0,0,0,1,0
U016,R0317,C2,study,semi_flexible,30,1,106,0,9,Fri,0,2,150,120,26,105,26,0,3,0.506,0,0,1,0,0,0,1,morning,morning,1,0,0,0,1,1
U016,R0317,C3,study,semi_flexible,30,1,106,0,8,Wed,0,0,75,45,156,101,101,0,6,0.601,0,0,1,0,0,0,1,morning,morning,1,0,0,0,1,0
U016,R0317,C4,study,semi_flexible,30,1,106,0,14,Fri,0,2,30,0,32,56,32,0,7,0.77,0,0,1,0,0,0,1,morning,afternoon,0,0,0,0,1,0
U001,R0318,C1,meeting,semi_flexible,45,0,-1,0,8,Sat,1,2,75,30,91,139,91,0,2,0.34,0,1,0,0,0,0,1,evening,morning,0,1,0,21,1,0
U001,R0318,C2,meeting,semi_flexible,45,0,-1,0,7,Tue,0,5,75,30,113,65,65,0,5,0.569,0,1,0,0,0,0,1,evening,morning,0,1,48,36,1,0
U001,R0318,C3,meeting,semi_flexible,45,0,-1,0,17,Tue,0,5,90,45,0,154,0,1,6,0.811,0,1,0,0,0,0,1,evening,evening,1,1,20,81,0,0
U001,R0318,C4,meeting,semi_flexible,45,0,-1,0,7,Fri,0,1,75,30,164,76,76,0,4,0.572,0,1,0,0,0,0,1,evening,morning,0,1,84,9,1,1
U014,R0319,C1,meeting,fixed,45,0,-1,0,20,Wed,0,3,165,120,110,101,101,0,3,0.397,0,0,0,1,0,0,1,evening,evening,1,1,15,72,1,1
U014,R0319,C2,meeting,fixed,45,0,-1,0,10,Sun,1,0,135,90,114,118,114,0,3,0.416,0,0,0,1,0,0,1,evening,morning,0,1,40,2,1,0
U014,R0319,C3,meeting,fixed,45,0,-1,0,21,Fri,0,5,165,120,42,201,42,0,5,0.625,0,0,0,1,0,0,1,evening,night,0,1,68,61,0,0
U014,R0319,C4,meeting,fixed,45,0,-1,0,13,Tue,0,2,165,120,70,74,70,0,3,0.486,0,0,0,1,0,0,1,evening,afternoon,0,1,16,0,1,0
U026,R0320,C1,hospital,fixed,90,1,52,1,15,Tue,0,5,90,0,36,150,36,0,6,0.709,0,0,0,1,0,0,0,morning,afternoon,0,0,0,0,1,0
U026,R0320,C2,hospital,fixed,90,1,52,1,9,Tue,0,5,180,90,165,108,108,0,4,0.416,0,0,0,1,0,0,0,morning,morning,1,0,0,0,1,0
U026,R0320,C3,hospital,fixed,90,1,52,1,11,Tue,0,5,180,90,178,139,139,0,0,0.078,0,0,0,1,0,0,0,morning,morning,1,0,0,0,1,0
U026,R0320,C4,hospital,fixed,90,1,52,0,20,Sat,1,2,135,45,19,211,19,0,1,0.399,0,0,0,1,0,0,0,morning,evening,0,0,0,0,1,1
U014,R0321,C1,study,flexible,45,1,101,0,20,Wed,0,3,60,15,6,142,6,1,3,0.583,0,0,0,0,0,0,1,evening,evening,1,0,0,0,1,0
U014,R0321,C2,study,flexible,45,1,101,0,23,Wed,0,3,60,15,240,68,68,0,3,0.491,0,0,0,0,0,0,1,evening,night,0,0,0,0,1,0
U014,R0321,C3,study,flexible,45,1,101,0,20,Wed,0,3,165,120,119,100,100,0,0,0.133,0,0,0,0,0,0,1,evening,evening,1,0,0,0,1,1
U014,R0321,C4,study,flexible,45,1,101,0,10,Wed,0,3,60,15,0,56,0,1,6,0.883,0,0,0,0,0,0,1,evening,morning,0,0,0,0,1,0
U004,R0322,C1,hospital,fixed,60,0,-1,0,18,Mon,0,5,90,30,104,118,104,0,1,0.186,0,0,1,0,0,0,1,evening,evening,1,1,44,86,1,1
U004,R0322,C2,hospital,fixed,60,0,-1,0,23,Thu,0,1,180,120,97,136,97,0,4,0.496,0,0,1,0,0,0,1,evening,night,0,1,19,22,1,0
U004,R0322,C3,hospital,fixed,60,0,-1,0,20,Sat,1,3,75,15,0,98,0,1,5,0.754,0,0,1,0,0,0,1,evening,evening,1,1,21,17,0,0
U004,R0322,C4,hospital,fixed,60,0,-1,0,8,Fri,0,2,75,15,91,29,29,0,5,0.678,0,0,1,0,0,0,1,evening,morning,0,1,36,76,0,0
U036,R0323,C1,shopping,semi_flexible,45,0,-1,0,8,Mon,0,1,165,120,109,39,39,0,4,0.6,0,0,0,0,1,0,1,morning,morning,1,1,27,40,0,0
U036,R0323,C2,shopping,semi_flexible,45,0,-1,0,11,Sun,1,0,75,30,77,186,77,0,4,0.468,0,0,0,0,1,0,1,morning,morning,1,1,26,58,1,1
U036,R0323,C3,shopping,semi_flexible,45,0,-1,0,12,Wed,0,3,75,30,240,125,125,0,2,0.252,0,0,0,0,1,0,1,morning,afternoon,0,1,68,38,1,0
U036,R0323,C4,shopping,semi_flexible,45,0,-1,0,16,Tue,0,2,45,0,154,122,122,0,4,0.428,0,0,0,0,1,0,1,morning,afternoon,0,1,90,45,1,0
U028,R0324,C1,personal_task,semi_flexible,90,0,-1,0,21,Sun,1,4,150,60,100,173,100,0,1,0.199,0,0,0,1,0,0,1,morning,night,0,1,5,73,1,0
U028,R0324,C2,personal_task,semi_flexible,90,0,-1,0,9,Thu,0,1,105,15,200,201,200,0,1,0.0,0,0,0,1,0,0,1,morning,morning,1,1,68,18,1,1
U028,R0324,C3,personal_task,semi_flexible,90,0,-1,0,8,Thu,0,1,105,15,205,71,71,0,7,0.695,0,0,0,1,0,0,1,morning,morning,1,1,43,1,1,0
U028,R0324,C4,personal_task,semi_flexible,90,0,-1,0,7,Fri,0,2,90,0,125,176,125,0,3,0.275,0,0,0,1,0,0,1,morning,morning,1,1,9,89,1,0
U025,R0325,C1,hospital,semi_flexible,120,0,-1,0,19,Fri,0,5,150,30,129,175,129,0,4,0.465,1,0,0,0,0,0,1,evening,evening,1,1,65,73,1,0
U025,R0325,C2,hospital,semi_flexible,120,0,-1,0,13,Mon,0,1,120,0,112,238,112,0,2,0.339,1,0,0,0,0,0,1,evening,afternoon,0,1,57,61,1,0
U025,R0325,C3,hospital,semi_flexible,120,0,-1,0,21,Sun,1,0,120,0,61,0,0,1,4,0.646,1,0,0,0,0,0,1,evening,night,0,1,26,28,0,0
U025,R0325,C4,hospital,semi_flexible,120,0,-1,0,11,Tue,0,2,120,0,58,73,58,0,3,0.403,1,0,0,0,0,0,1,evening,morning,0,1,42,29,1,1
U035,R0326,C1,exercise,fixed,60,0,-1,0,7,Thu,0,1,75,15,25,27,25,0,8,0.864,0,0,1,0,0,1,1,afternoon,morning,0,0,0,0,1,0
U035,R0326,C2,exercise,fixed,60,0,-1,0,14,Wed,0,0,75,15,156,96,96,0,2,0.317,0,0,1,0,0,1,1,afternoon,afternoon,1,0,0,0,1,0
U035,R0326,C3,exercise,fixed,60,0,-1,0,15,Fri,0,2,90,30,231,151,151,0,0,0.03,0,0,1,0,0,1,1,afternoon,afternoon,1,0,0,0,1,1
U035,R0326,C4,exercise,fixed,60,0,-1,0,15,Sun,1,4,60,0,90,127,90,0,5,0.564,0,0,1,0,0,1,1,afternoon,afternoon,1,0,0,0,1,0
U036,R0327,C1,meeting,fixed,120,0,-1,0,11,Mon,0,0,165,45,200,230,200,0,2,0.058,0,0,0,1,0,0,1,morning,morning,1,0,0,0,1,0
U036,R0327,C2,meeting,fixed,120,0,-1,0,7,Thu,0,3,180,60,189,121,121,0,4,0.347,0,0,0,1,0,0,1,morning,morning,1,0,0,0,1,1
U036,R0327,C3,meeting,fixed,120,0,-1,0,11,Fri,0,4,150,30,92,65,65,0,3,0.419,0,0,0,1,0,0,1,morning,morning,1,0,0,0,1,0
U036,R0327,C4,meeting,fixed,120,0,-1,0,10,Tue,0,1,120,0,91,190,91,0,3,0.338,0,0,0,1,0,0,1,morning,morning,1,0,0,0,1,0
U020,R0328,C1,study,flexible,90,1,35,0,7,Mon,0,0,105,15,151,132,132,0,5,0.411,1,0,0,0,1,0,1,evening,morning,0,0,0,0,1,1
U020,R0328,C2,study,flexible,90,1,35,1,17,Fri,0,4,135,45,135,108,108,0,7,0.69,1,0,0,0,1,0,1,evening,evening,1,0,0,0,1,0
U020,R0328,C3,study,flexible,90,1,35,1,11,Wed,0,2,180,90,35,165,35,0,4,0.57,1,0,0,0,1,0,1,evening,morning,0,0,0,0,1,0
U020,R0328,C4,study,flexible,90,1,35,1,9,Wed,0,2,180,90,238,70,70,0,1,0.257,1,0,0,0,1,0,1,evening,morning,0,0,0,0,1,0
U036,R0329,C1,personal_task,flexible,90,1,61,1,22,Sun,1,3,120,30,155,233,155,0,3,0.295,0,1,0,1,0,1,1,morning,night,0,0,0,0,1,0
U036,R0329,C2,personal_task,flexible,90,1,61,1,7,Sun,1,3,135,45,202,193,193,0,1,0.121,0,1,0,1,0,1,1,morning,morning,1,0,0,0,1,0
U036,R0329,C3,personal_task,flexible,90,1,61,0,12,Sat,1,2,120,30,179,190,179,0,0,0.042,0,1,0,1,0,1,1,morning,afternoon,0,0,0,0,1,1
U036,R0329,C4,personal_task,flexible,90,1,61,1,9,Mon,0,4,105,15,160,201,160,0,3,0.206,0,1,0,1,0,1,1,morning,morning,1,0,0,0,1,0
U034,R0330,C1,hospital,flexible,60,1,27,1,10,Thu,0,2,120,60,83,107,83,0,4,0.469,0,1,0,0,0,1,1,afternoon,morning,0,1,8,67,1,0
U034,R0330,C2,hospital,flexible,60,1,27,1,13,Sat,1,4,105,45,173,173,173,0,2,0.125,0,1,0,0,0,1,1,afternoon,afternoon,1,1,82,86,1,1
U034,R0330,C3,hospital,flexible,60,1,27,1,8,Thu,0,2,150,90,52,182,52,0,4,0.533,0,1,0,0,0,1,1,afternoon,morning,0,1,3,56,1,0
U034,R0330,C4,hospital,flexible,60,1,27,1,19,Wed,0,1,75,15,218,21,21,0,4,0.552,0,1,0,0,0,1,1,afternoon,evening,0,1,72,63,0,0
U034,R0331,C1,personal_task,flexible,90,1,81,1,14,Wed,0,4,120,30,226,152,152,0,2,0.199,1,0,1,0,0,0,1,afternoon,afternoon,1,0,0,0,1,0
U034,R0331,C2,personal_task,flexible,90,1,81,0,14,Sat,1,0,180,90,111,240,111,0,0,0.065,1,0,1,0,0,0,1,afternoon,afternoon,1,0,0,0,1,1
U034,R0331,C3,personal_task,flexible,90,1,81,0,15,Mon,0,2,90,0,37,133,37,0,4,0.563,1,0,1,0,0,0,1,afternoon,afternoon,1,0,0,0,1,0
U034,R0331,C4,personal_task,flexible,90,1,81,1,18,Wed,0,4,90,0,240,96,96,0,4,0.434,1,0,1,0,0,0,1,afternoon,evening,0,0,0,0,1,0
U003,R0332,C1,personal_task,semi_flexible,45,0,-1,0,18,Fri,0,0,45,0,109,46,46,0,4,0.589,1,0,0,0,0,1,1,evening,evening,1,1,14,18,1,0
U003,R0332,C2,personal_task,semi_flexible,45,0,-1,0,20,Sat,1,1,75,30,125,144,125,0,5,0.524,1,0,0,0,0,1,1,evening,evening,1,1,27,70,1,0
U003,R0332,C3,personal_task,semi_flexible,45,0,-1,0,19,Mon,0,3,105,60,114,116,114,0,4,0.416,1,0,0,0,0,1,1,evening,evening,1,1,67,83,1,1
U003,R0332,C4,personal_task,semi_flexible,45,0,-1,0,17,Fri,0,0,45,0,138,81,81,0,0,0.188,1,0,0,0,0,1,1,evening,evening,1,1,35,43,1,0
U034,R0333,C1,hospital,semi_flexible,30,0,-1,0,23,Mon,0,1,60,30,83,91,83,0,4,0.521,0,0,0,1,0,1,1,afternoon,night,0,0,0,0,1,0
U034,R0333,C2,hospital,semi_flexible,30,0,-1,0,16,Fri,0,5,60,30,58,73,58,0,6,0.674,0,0,0,1,0,1,1,afternoon,afternoon,1,0,0,0,1,1
U034,R0333,C3,hospital,semi_flexible,30,0,-1,0,9,Sun,1,0,75,45,159,85,85,0,5,0.569,0,0,0,1,0,1,1,afternoon,morning,0,0,0,0,1,0
U034,R0333,C4,hospital,semi_flexible,30,0,-1,0,10,Sun,1,0,45,15,87,75,75,0,2,0.339,0,0,0,1,0,1,1,afternoon,morning,0,0,0,0,1,0
U036,R0334,C1,chore,flexible,90,0,-1,0,8,Sat,1,4,135,45,0,50,0,1,8,1.0,0,1,0,0,0,0,1,morning,morning,1,0,0,0,1,0
U036,R0334,C2,chore,flexible,90,0,-1,0,14,Fri,0,3,180,90,30,120,30,0,2,0.33,0,1,0,0,0,0,1,morning,afternoon,0,0,0,0,1,0
U036,R0334,C3,chore,flexible,90,0,-1,0,14,Fri,0,3,90,0,81,30,30,0,6,0.753,0,1,0,0,0,0,1,morning,afternoon,0,0,0,0,1,0
U036,R0334,C4,chore,flexible,90,0,-1,0,18,Fri,0,3,90,0,116,108,108,0,3,0.331,0,1,0,0,0,0,1,morning,evening,0,0,0,0,1,1
U040,R0335,C1,chore,flexible,30,0,-1,0,19,Thu,0,1,75,45,136,85,85,0,5,0.523,0,0,0,0,0,0,1,evening,evening,1,0,0,0,1,1
U040,R0335,C2,chore,flexible,30,0,-1,0,20,Wed,0,0,60,30,196,146,146,0,2,0.203,0,0,0,0,0,0,1,evening,evening,1,0,0,0,1,0
U040,R0335,C3,chore,flexible,30,0,-1,0,18,Mon,0,5,75,45,154,200,154,0,3,0.267,0,0,0,0,0,0,1,evening,evening,1,0,0,0,1,0
U040,R0335,C4,chore,flexible,30,0,-1,0,18,Mon,0,5,75,45,114,187,114,0,6,0.538,0,0,0,0,0,0,1,evening,evening,1,0,0,0,1,0
U010,R0336,C1,shopping,semi_flexible,45,1,74,1,13,Thu,0,5,90,45,96,124,96,0,5,0.58,0,0,0,0,0,0,1,afternoon,afternoon,1,1,4,59,1,0
U010,R0336,C2,shopping,semi_flexible,45,1,74,1,22,Tue,0,3,135,90,39,100,39,0,6,0.678,0,0,0,0,0,0,1,afternoon,night,0,1,30,18,0,0
U010,R0336,C3,shopping,semi_flexible,45,1,74,0,15,Sat,1,0,165,120,174,240,174,0,1,0.097,0,0,0,0,0,0,1,afternoon,afternoon,1,1,88,63,1,1
U010,R0336,C4,shopping,semi_flexible,45,1,74,0,15,Sat,1,0,75,30,157,33,33,0,4,0.527,0,0,0,0,0,0,1,afternoon,afternoon,1,1,45,39,0,0
U033,R0337,C1,hospital,fixed,90,0,-1,0,14,Thu,0,3,180,90,196,149,149,0,3,0.199,1,0,0,0,0,0,1,afternoon,afternoon,1,1,44,85,1,0
U033,R0337,C2,hospital,fixed,90,0,-1,0,11,Sat,1,5,135,45,72,62,62,0,8,0.762,1,0,0,0,0,0,1,afternoon,morning,0,1,38,10,1,0
U033,R0337,C3,hospital,fixed,90,0,-1,0,13,Fri,0,4,180,90,71,133,71,0,3,0.482,1,0,0,0,0,0,1,afternoon,afternoon,1,1,37,43,1,0
U033,R0337,C4,hospital,fixed,90,0,-1,0,13,Fri,0,4,120,30,146,35,35,0,7,0.76,1,0,0,0,0,0,1,afternoon,afternoon,1,1,21,67,0,1
U027,R0338,C1,personal_task,flexible,30,0,-1,0,12,Thu,0,5,180,150,76,123,76,0,5,0.531,0,0,0,0,0,0,1,afternoon,afternoon,1,1,31,45,1,0
U027,R0338,C2,personal_task,flexible,30,0,-1,0,7,Sun,1,1,45,15,55,89,55,0,3,0.423,0,0,0,0,0,0,1,afternoon,morning,0,1,43,0,1,0
U027,R0338,C3,personal_task,flexible,30,0,-1,0,12,Sat,1,0,75,45,73,77,73,0,7,0.702,0,0,0,0,0,0,1,afternoon,afternoon,1,1,38,25,1,0
U027,R0338,C4,personal_task,flexible,30,0,-1,0,13,Thu,0,5,45,15,173,153,153,0,1,0.086,0,0,0,0,0,0,1,afternoon,afternoon,1,1,68,7,1,1
U014,R0339,C1,hospital,semi_flexible,45,1,105,0,17,Wed,0,1,165,120,68,83,68,0,2,0.303,0,0,1,0,0,1,1,evening,evening,1,0,0,0,1,0
U014,R0339,C2,hospital,semi_flexible,45,1,105,0,18,Fri,0,3,60,15,46,36,36,0,5,0.609,0,0,1,0,0,1,1,evening,evening,1,0,0,0,1,0
U014,R0339,C3,hospital,semi_flexible,45,1,105,0,14,Wed,0,1,60,15,72,198,72,0,5,0.502,0,0,1,0,0,1,1,evening,afternoon,0,0,0,0,1,0
U014,R0339,C4,hospital,semi_flexible,45,1,105,0,18,Sat,1,4,135,90,188,92,92,0,4,0.428,0,0,1,0,0,1,1,evening,evening,1,0,0,0,1,1
U004,R0340,C1,chore,flexible,60,0,-1,0,11,Sat,1,1,120,60,237,123,123,0,0,0.08,0,1,0,1,0,0,1,evening,morning,0,1,31,9,1,0
U004,R0340,C2,chore,flexible,60,0,-1,0,15,Mon,0,3,120,60,101,240,101,0,3,0.339,0,1,0,1,0,0,1,evening,afternoon,0,1,87,85,1,0
U004,R0340,C3,chore,flexible,60,0,-1,0,20,Fri,0,0,150,90,166,196,166,0,2,0.119,0,1,0,1,0,0,1,evening,evening,1,1,38,40,1,0
U004,R0340,C4,chore,flexible,60,0,-1,0,10,Sat,1,1,120,60,209,218,209,0,0,0.059,0,1,0,1,0,0,1,evening,morning,0,1,19,67,1,1
U008,R0341,C1,personal_task,flexible,120,0,-1,0,20,Tue,0,3,135,15,49,61,49,0,4,0.483,0,0,0,0,0,0,1,evening,evening,1,1,27,69,0,1
U008,R0341,C2,personal_task,flexible,120,0,-1,0,20,Sun,1,1,165,45,60,141,60,0,3,0.435,0,0,0,0,0,0,1,evening,evening,1,1,25,65,1,0
U008,R0341,C3,personal_task,flexible,120,0,-1,0,23,Tue,0,3,150,30,81,154,81,0,8,0.782,0,0,0,0,0,0,1,evening,night,0,1,38,79,1,0
U008,R0341,C4,personal_task,flexible,120,0,-1,0,19,Mon,0,2,150,30,69,166,69,0,3,0.444,0,0,0,0,0,0,1,evening,evening,1,1,20,75,1,0
U023,R0342,C1,chore,flexible,45,0,-1,0,22,Fri,0,4,90,45,129,134,129,0,3,0.331,0,1,0,1,1,1,1,night,night,1,0,0,0,1,0
U023,R0342,C2,chore,flexible,45,0,-1,0,23,Sat,1,5,165,120,102,66,66,0,7,0.714,0,1,0,1,1,1,1,night,night,1,0,0,0,1,1
U023,R0342,C3,chore,flexible,45,0,-1,0,17,Mon,0,0,90,45,240,240,240,0,2,0.147,0,1,0,1,1,1,1,night,evening,0,0,0,0,1,0
U023,R0342,C4,chore,flexible,45,0,-1,0,18,Mon,0,0,135,90,105,108,105,0,6,0.54,0,1,0,1,1,1,1,night,evening,0,0,0,0,1,0
U037,R0343,C1,study,flexible,120,0,-1,0,9,Fri,0,4,165,45,161,147,147,0,3,0.342,0,0,1,0,0,0,1,morning,morning,1,1,78,6,1,1
U037,R0343,C2,study,flexible,120,0,-1,0,8,Sat,1,5,180,60,155,73,73,0,4,0.433,0,0,1,0,0,0,1,morning,morning,1,1,77,65,0,0
U037,R0343,C3,study,flexible,120,0,-1,0,7,Sat,1,5,165,45,184,223,184,0,1,0.073,0,0,1,0,0,0,1,morning,morning,1,1,22,55,1,0
U037,R0343,C4,study,flexible,120,0,-1,0,17,Wed,0,2,135,15,66,0,0,1,6,0.87,0,0,1,0,0,0,1,morning,evening,0,1,3,22,0,0
U026,R0344,C1,study,flexible,90,1,17,0,11,Mon,0,0,135,45,35,58,35,0,5,0.654,0,0,1,0,1,0,1,morning,morning,1,0,0,0,1,1
U026,R0344,C2,study,flexible,90,1,17,1,17,Sat,1,5,150,60,93,21,21,0,7,0.784,0,0,1,0,1,0,1,morning,evening,0,0,0,0,1,0
U026,R0344,C3,study,flexible,90,1,17,0,20,Mon,0,0,150,60,106,12,12,1,4,0.652,0,0,1,0,1,0,1,morning,evening,0,0,0,0,1,0
U026,R0344,C4,study,flexible,90,1,17,1,17,Thu,0,3,105,15,16,68,16,0,5,0.636,0,0,1,0,1,0,1,morning,evening,0,0,0,0,1,0
U018,R0345,C1,personal_task,flexible,45,1,8,1,15,Tue,0,3,90,45,171,130,130,0,3,0.371,0,0,0,0,0,0,1,morning,afternoon,0,0,0,0,1,0
U018,R0345,C2,personal_task,flexible,45,1,8,1,11,Mon,0,2,135,90,182,238,182,0,2,0.232,0,0,0,0,0,0,1,morning,morning,1,0,0,0,1,1
U018,R0345,C3,personal_task,flexible,45,1,8,1,9,Mon,0,2,165,120,115,42,42,0,4,0.547,0,0,0,0,0,0,1,morning,morning,1,0,0,0,1,0
U018,R0345,C4,personal_task,flexible,45,1,8,1,9,Thu,0,5,90,45,148,219,148,0,1,0.158,0,0,0,0,0,0,1,morning,morning,1,0,0,0,1,0
U013,R0346,C1,study,semi_flexible,90,1,15,1,9,Fri,0,5,90,0,204,61,61,0,8,0.828,0,0,1,0,0,1,1,evening,morning,0,0,0,0,1,0
U013,R0346,C2,study,semi_flexible,90,1,15,1,17,Fri,0,5,90,0,20,130,20,0,7,0.748,0,0,1,0,0,1,1,evening,evening,1,0,0,0,1,0
U013,R0346,C3,study,semi_flexible,90,1,15,1,12,Tue,0,2,150,60,32,84,32,0,5,0.611,0,0,1,0,0,1,1,evening,afternoon,0,0,0,0,1,0
U013,R0346,C4,study,semi_flexible,90,1,15,1,19,Thu,0,4,105,15,133,101,101,0,2,0.32,0,0,1,0,0,1,1,evening,evening,1,0,0,0,1,1
U010,R0347,C1,chore,semi_flexible,60,0,-1,0,16,Sun,1,5,180,120,0,0,0,1,8,0.995,0,0,0,0,0,0,1,afternoon,afternoon,1,0,0,0,1,0
U010,R0347,C2,chore,semi_flexible,60,0,-1,0,12,Tue,0,0,75,15,240,137,137,0,2,0.183,0,0,0,0,0,0,1,afternoon,afternoon,1,0,0,0,1,1
U010,R0347,C3,chore,semi_flexible,60,0,-1,0,10,Fri,0,3,75,15,150,240,150,0,1,0.112,0,0,0,0,0,0,1,afternoon,morning,0,0,0,0,1,0
U010,R0347,C4,chore,semi_flexible,60,0,-1,0,15,Sun,1,5,150,90,64,0,0,1,7,0.92,0,0,0,0,0,0,1,afternoon,afternoon,1,0,0,0,1,0
U005,R0348,C1,study,flexible,30,1,48,0,8,Mon,0,2,90,60,162,6,6,1,7,0.929,0,0,1,0,0,0,1,morning,morning,1,0,0,0,1,1
U005,R0348,C2,study,flexible,30,1,48,1,8,Thu,0,5,180,150,128,82,82,0,4,0.51,0,0,1,0,0,0,1,morning,morning,1,0,0,0,1,0
U005,R0348,C3,study,flexible,30,1,48,1,23,Mon,0,2,120,90,145,127,127,0,4,0.409,0,0,1,0,0,0,1,morning,night,0,0,0,0,1,0
U005,R0348,C4,study,flexible,30,1,48,0,12,Sat,1,0,60,30,0,145,0,1,6,0.822,0,0,1,0,0,0,1,morning,afternoon,0,0,0,0,1,0
U014,R0349,C1,personal_task,flexible,90,0,-1,0,11,Mon,0,5,90,0,86,145,86,0,4,0.483,0,0,1,0,0,0,1,evening,morning,0,0,0,0,1,0
U014,R0349,C2,personal_task,flexible,90,0,-1,0,10,Sat,1,3,90,0,68,147,68,0,5,0.586,0,0,1,0,0,0,1,evening,morning,0,0,0,0,1,0
U014,R0349,C3,personal_task,flexible,90,0,-1,0,15,Fri,0,2,150,60,240,199,199,0,1,0.137,0,0,1,0,0,0,1,evening,afternoon,0,0,0,0,1,1
U014,R0349,C4,personal_task,flexible,90,0,-1,0,15,Fri,0,2,90,0,236,109,109,0,3,0.352,0,0,1,0,0,0,1,evening,afternoon,0,0,0,0,1,0
U029,R0350,C1,study,flexible,60,0,-1,0,8,Mon,0,1,60,0,141,170,141,0,1,0.063,0,0,0,0,0,0,1,morning,morning,1,0,0,0,1,0
U029,R0350,C2,study,flexible,60,0,-1,0,9,Fri,0,5,150,90,94,87,87,0,6,0.583,0,0,0,0,0,0,1,morning,morning,1,0,0,0,1,0
U029,R0350,C3,study,flexible,60,0,-1,0,21,Thu,0,4,75,15,126,175,126,0,0,0.148,0,0,0,0,0,0,1,morning,night,0,0,0,0,1,1
U029,R0350,C4,study,flexible,60,0,-1,0,8,Thu,0,4,150,90,0,21,0,1,5,0.776,0,0,0,0,0,0,1,morning,morning,1,0,0,0,1,0
U016,R0351,C1,shopping,flexible,45,0,-1,0,13,Sat,1,2,135,90,86,149,86,0,4,0.469,0,0,0,0,0,0,1,morning,afternoon,0,1,4,18,1,1
U016,R0351,C2,shopping,flexible,45,0,-1,0,15,Mon,0,4,60,15,107,73,73,0,6,0.727,0,0,0,0,0,0,1,morning,afternoon,0,1,48,40,1,0
U016,R0351,C3,shopping,flexible,45,0,-1,0,8,Tue,0,5,135,90,176,146,146,0,1,0.117,0,0,0,0,0,0,1,morning,morning,1,1,49,69,1,0
U016,R0351,C4,shopping,flexible,45,0,-1,0,16,Mon,0,4,105,60,0,78,0,1,4,0.745,0,0,0,0,0,0,1,morning,afternoon,0,1,42,14,0,0
U028,R0352,C1,shopping,semi_flexible,30,1,62,1,8,Wed,0,4,150,120,41,131,41,0,4,0.542,1,0,0,0,0,1,1,morning,morning,1,0,0,0,1,0
U028,R0352,C2,shopping,semi_flexible,30,1,62,1,11,Thu,0,5,75,45,206,230,206,0,2,0.081,1,0,0,0,0,1,1,morning,morning,1,0,0,0,1,0
U028,R0352,C3,shopping,semi_flexible,30,1,62,0,7,Mon,0,2,45,15,152,136,136,0,2,0.183,1,0,0,0,0,1,1,morning,morning,1,0,0,0,1,1
U028,R0352,C4,shopping,semi_flexible,30,1,62,1,12,Tue,0,3,180,150,71,107,71,0,5,0.563,1,0,0,0,0,1,1,morning,afternoon,0,0,0,0,1,0
U024,R0353,C1,personal_task,semi_flexible,120,1,89,1,7,Fri,0,4,120,0,84,86,84,0,6,0.553,1,1,0,1,0,0,1,evening,morning,0,0,0,0,1,0
U024,R0353,C2,personal_task,semi_flexible,120,1,89,1,18,Sat,1,5,150,30,93,181,93,0,3,0.405,1,1,0,1,0,0,1,evening,evening,1,0,0,0,1,0
U024,R0353,C3,personal_task,semi_flexible,120,1,89,0,18,Thu,0,3,165,45,155,42,42,0,1,0.367,1,1,0,1,0,0,1,evening,evening,1,0,0,0,1,0
U024,R0353,C4,personal_task,semi_flexible,120,1,89,0,17,Mon,0,0,180,60,96,211,96,0,3,0.359,1,1,0,1,0,0,1,evening,evening,1,0,0,0,1,1
U015,R0354,C1,meeting,semi_flexible,90,0,-1,0,12,Fri,0,0,90,0,174,220,174,0,0,0.027,0,0,0,1,0,1,1,afternoon,afternoon,1,1,12,89,1,0
U015,R0354,C2,meeting,semi_flexible,90,0,-1,0,12,Sun,1,2,150,60,240,96,96,0,3,0.362,0,0,0,1,0,1,1,afternoon,afternoon,1,1,39,34,1,1
U015,R0354,C3,meeting,semi_flexible,90,0,-1,0,16,Sun,1,2,180,90,69,62,62,0,8,0.843,0,0,0,1,0,1,1,afternoon,afternoon,1,1,63,44,0,0
U015,R0354,C4,meeting,semi_flexible,90,0,-1,0,15,Tue,0,4,135,45,49,66,49,0,4,0.583,0,0,0,1,0,1,1,afternoon,afternoon,1,1,18,25,1,0
U010,R0355,C1,study,flexible,90,1,88,0,12,Sat,1,2,105,15,29,72,29,0,4,0.61,0,0,1,0,0,0,1,afternoon,afternoon,1,0,0,0,1,0
U010,R0355,C2,study,flexible,90,1,88,0,15,Sat,1,2,150,60,107,53,53,0,6,0.57,0,0,1,0,0,0,1,afternoon,afternoon,1,0,0,0,1,1
U010,R0355,C3,study,flexible,90,1,88,0,14,Thu,0,0,105,15,139,92,92,0,5,0.568,0,0,1,0,0,0,1,afternoon,afternoon,1,0,0,0,1,0
U010,R0355,C4,study,flexible,90,1,88,1,15,Tue,0,5,180,90,195,147,147,0,3,0.32,0,0,1,0,0,0,1,afternoon,afternoon,1,0,0,0,1,0
U018,R0356,C1,chore,flexible,30,1,106,0,10,Thu,0,0,180,150,141,192,141,0,2,0.285,0,0,0,0,0,0,1,morning,morning,1,0,0,0,1,1
U018,R0356,C2,chore,flexible,30,1,106,0,18,Fri,0,1,75,45,49,150,49,0,7,0.703,0,0,0,0,0,0,1,morning,evening,0,0,0,0,1,0
U018,R0356,C3,chore,flexible,30,1,106,0,17,Sat,1,2,120,90,139,40,40,0,6,0.641,0,0,0,0,0,0,1,morning,evening,0,0,0,0,1,0
U018,R0356,C4,chore,flexible,30,1,106,0,23,Fri,0,1,75,45,125,201,125,0,2,0.215,0,0,0,0,0,0,1,morning,night,0,0,0,0,1,0
U023,R0357,C1,exercise,flexible,60,0,-1,0,9,Tue,0,3,120,60,59,104,59,0,8,0.8,0,0,0,1,0,0,1,night,morning,0,1,84,21,0,0
U023,R0357,C2,exercise,flexible,60,0,-1,0,19,Wed,0,4,60,0,150,105,105,0,4,0.413,0,0,0,1,0,0,1,night,evening,0,1,60,47,1,0
U023,R0357,C3,exercise,flexible,60,0,-1,0,22,Mon,0,2,120,60,150,178,150,0,2,0.225,0,0,0,1,0,0,1,night,night,1,1,67,68,1,1
U023,R0357,C4,exercise,flexible,60,0,-1,0,16,Tue,0,3,105,45,163,189,163,0,3,0.221,0,0,0,1,0,0,1,night,afternoon,0,1,67,39,1,0
U036,R0358,C1,meeting,semi_flexible,30,0,-1,0,11,Thu,0,3,180,150,57,70,57,0,5,0.597,0,0,0,0,0,0,1,morning,morning,1,0,0,0,1,0
U036,R0358,C2,meeting,semi_flexible,30,0,-1,0,10,Thu,0,3,45,15,100,67,67,0,5,0.578,0,0,0,0,0,0,1,morning,morning,1,0,0,0,1,1
U036,R0358,C3,meeting,semi_flexible,30,0,-1,0,15,Fri,0,4,75,45,132,68,68,0,4,0.547,0,0,0,0,0,0,1,morning,afternoon,0,0,0,0,1,0
U036,R0358,C4,meeting,semi_flexible,30,0,-1,0,9,Mon,0,0,75,45,89,77,77,0,6,0.601,0,0,0,0,0,0,1,morning,morning,1,0,0,0,1,0
U027,R0359,C1,hospital,fixed,30,0,-1,0,8,Mon,0,3,180,150,60,83,60,0,3,0.436,0,0,0,0,1,0,1,afternoon,morning,0,1,43,60,1,0
U027,R0359,C2,hospital,fixed,30,0,-1,0,14,Wed,0,5,180,150,19,81,19,0,5,0.685,0,0,0,0,1,0,1,afternoon,afternoon,1,1,85,27,0,0
U027,R0359,C3,hospital,fixed,30,0,-1,0,13,Fri,0,0,150,120,124,149,124,0,2,0.214,0,0,0,0,1,0,1,afternoon,afternoon,1,1,56,1,1,0
U027,R0359,C4,hospital,fixed,30,0,-1,0,20,Wed,0,5,45,15,186,72,72,0,3,0.505,0,0,0,0,1,0,1,afternoon,evening,0,1,13,69,0,1
U006,R0360,C1,chore,semi_flexible,30,0,-1,0,22,Thu,0,4,75,45,91,50,50,0,5,0.619,0,0,0,0,0,0,1,night,night,1,0,0,0,1,0
U006,R0360,C2,chore,semi_flexible,30,0,-1,0,21,Wed,0,3,30,0,40,164,40,0,5,0.714,0,0,0,0,0,0,1,night,night,1,0,0,0,1,1
U006,R0360,C3,chore,semi_flexible,30,0,-1,0,18,Sun,1,0,60,30,177,131,131,0,1,0.218,0,0,0,0,0,0,1,night,evening,0,0,0,0,1,0
U006,R0360,C4,chore,semi_flexible,30,0,-1,0,16,Sun,1,0,90,60,127,178,127,0,5,0.411,0,0,0,0,0,0,1,night,afternoon,0,0,0,0,1,0
U024,R0361,C1,study,flexible,120,0,-1,0,19,Mon,0,2,120,0,153,154,153,0,3,0.252,0,0,0,0,0,0,1,evening,evening,1,0,0,0,1,1
U024,R0361,C2,study,flexible,120,0,-1,0,18,Sat,1,0,180,60,0,122,0,1,4,0.721,0,0,0,0,0,0,1,evening,evening,1,0,0,0,1,0
U024,R0361,C3,study,flexible,120,0,-1,0,16,Sun,1,1,150,30,38,176,38,0,7,0.766,0,0,0,0,0,0,1,evening,afternoon,0,0,0,0,1,0
U024,R0361,C4,study,flexible,120,0,-1,0,7,Thu,0,5,180,60,116,105,105,0,7,0.666,0,0,0,0,0,0,1,evening,morning,0,0,0,0,1,0
U022,R0362,C1,study,flexible,60,0,-1,0,14,Tue,0,5,105,45,108,124,108,0,4,0.496,0,0,0,0,0,0,1,afternoon,afternoon,1,0,0,0,1,0
U022,R0362,C2,study,flexible,60,0,-1,0,10,Sat,1,2,150,90,77,71,71,0,4,0.486,0,0,0,0,0,0,1,afternoon,morning,0,0,0,0,1,0
U022,R0362,C3,study,flexible,60,0,-1,0,8,Sat,1,2,150,90,155,40,40,0,0,0.279,0,0,0,0,0,0,1,afternoon,morning,0,0,0,0,1,0
U022,R0362,C4,study,flexible,60,0,-1,0,15,Fri,0,1,90,30,164,105,105,0,6,0.567,0,0,0,0,0,0,1,afternoon,afternoon,1,0,0,0,1,1
U002,R0363,C1,personal_task,fixed,60,0,-1,0,12,Sun,1,3,75,15,0,20,0,1,8,0.991,0,0,0,0,0,0,1,afternoon,afternoon,1,0,0,0,1,1
U002,R0363,C2,personal_task,fixed,60,0,-1,0,23,Mon,0,4,75,15,60,8,8,1,5,0.818,0,0,0,0,0,0,1,afternoon,night,0,0,0,0,1,0
U002,R0363,C3,personal_task,fixed,60,0,-1,0,16,Sat,1,2,120,60,63,108,63,0,8,0.753,0,0,0,0,0,0,1,afternoon,afternoon,1,0,0,0,1,0
U002,R0363,C4,personal_task,fixed,60,0,-1,0,13,Sat,1,2,90,30,138,73,73,0,3,0.369,0,0,0,0,0,0,1,afternoon,afternoon,1,0,0,0,1,0
U017,R0364,C1,chore,flexible,30,0,-1,0,9,Sun,1,5,60,30,137,157,137,0,4,0.389,0,0,0,0,0,0,1,afternoon,morning,0,1,11,65,1,0
U017,R0364,C2,chore,flexible,30,0,-1,0,21,Tue,0,0,150,120,32,176,32,0,4,0.542,0,0,0,0,0,0,1,afternoon,night,0,1,28,21,0,0
U017,R0364,C3,chore,flexible,30,0,-1,0,23,Fri,0,3,30,0,0,107,0,1,4,0.693,0,0,0,0,0,0,1,afternoon,night,0,1,41,53,0,0
U017,R0364,C4,chore,flexible,30,0,-1,0,15,Wed,0,1,90,60,167,160,160,0,2,0.212,0,0,0,0,0,0,1,afternoon,afternoon,1,1,71,62,1,1
U039,R0365,C1,exercise,flexible,120,0,-1,0,7,Sat,1,4,120,0,158,149,149,0,5,0.384,0,0,0,0,0,0,1,morning,morning,1,0,0,0,1,0
U039,R0365,C2,exercise,flexible,120,0,-1,0,8,Sun,1,5,120,0,147,156,147,0,5,0.495,0,0,0,0,0,0,1,morning,morning,1,0,0,0,1,0
U039,R0365,C3,exercise,flexible,120,0,-1,0,9,Sat,1,4,165,45,39,240,39,0,4,0.559,0,0,0,0,0,0,1,morning,morning,1,0,0,0,1,1
U039,R0365,C4,exercise,flexible,120,0,-1,0,14,Tue,0,0,180,60,87,104,87,0,4,0.484,0,0,0,0,0,0,1,morning,afternoon,0,0,0,0,1,0
U036,R0366,C1,study,semi_flexible,90,1,87,1,11,Tue,0,5,150,60,38,199,38,0,3,0.494,0,0,0,0,0,0,1,morning,morning,1,0,0,0,1,0
U036,R0366,C2,study,semi_flexible,90,1,87,1,10,Mon,0,4,180,90,159,162,159,0,1,0.101,0,0,0,0,0,0,1,morning,morning,1,0,0,0,1,0
U036,R0366,C3,study,semi_flexible,90,1,87,1,8,Tue,0,5,105,15,0,121,0,1,4,0.725,0,0,0,0,0,0,1,morning,morning,1,0,0,0,1,0
U036,R0366,C4,study,semi_flexible,90,1,87,1,8,Tue,0,5,135,45,106,80,80,0,1,0.251,0,0,0,0,0,0,1,morning,morning,1,0,0,0,1,1
U033,R0367,C1,hospital,semi_flexible,60,0,-1,0,14,Wed,0,4,75,15,89,120,89,0,5,0.564,0,0,0,0,0,0,1,afternoon,afternoon,1,1,41,85,1,0
U033,R0367,C2,hospital,semi_flexible,60,0,-1,0,10,Mon,0,2,75,15,83,155,83,0,5,0.49,0,0,0,0,0,0,1,afternoon,morning,0,1,76,9,0,0
U033,R0367,C3,hospital,semi_flexible,60,0,-1,0,13,Tue,0,3,75,15,193,123,123,0,4,0.444,0,0,0,0,0,0,1,afternoon,afternoon,1,1,68,28,1,1
U033,R0367,C4,hospital,semi_flexible,60,0,-1,0,12,Sun,1,1,60,0,214,27,27,0,4,0.515,0,0,0,0,0,0,1,afternoon,afternoon,1,1,74,17,1,0
U028,R0368,C1,exercise,semi_flexible,60,0,-1,0,7,Tue,0,1,105,45,62,166,62,0,5,0.504,0,1,0,0,0,1,1,morning,morning,1,0,0,0,1,0
U028,R0368,C2,exercise,semi_flexible,60,0,-1,0,9,Wed,0,2,180,120,48,19,19,0,8,0.923,0,1,0,0,0,1,1,morning,morning,1,0,0,0,1,0
U028,R0368,C3,exercise,semi_flexible,60,0,-1,0,10,Thu,0,3,60,0,80,131,80,0,4,0.476,0,1,0,0,0,1,1,morning,morning,1,0,0,0,1,1
U028,R0368,C4,exercise,semi_flexible,60,0,-1,0,8,Thu,0,3,90,30,114,123,114,0,2,0.28,0,1,0,0,0,1,1,morning,morning,1,0,0,0,1,0
U004,R0369,C1,meeting,fixed,120,0,-1,0,20,Fri,0,5,135,15,39,0,0,1,8,0.931,0,0,0,0,0,0,1,evening,evening,1,0,0,0,1,0
U004,R0369,C2,meeting,fixed,120,0,-1,0,11,Thu,0,4,120,0,156,112,112,0,4,0.419,0,0,0,0,0,0,1,evening,morning,0,0,0,0,1,0
U004,R0369,C3,meeting,fixed,120,0,-1,0,18,Fri,0,5,180,60,160,212,160,0,0,0.037,0,0,0,0,0,0,1,evening,evening,1,0,0,0,1,1
U004,R0369,C4,meeting,fixed,120,0,-1,0,9,Thu,0,4,135,15,154,141,141,0,2,0.213,0,0,0,0,0,0,1,evening,morning,0,0,0,0,1,0
U016,R0370,C1,study,fixed,60,1,51,1,11,Tue,0,5,60,0,80,119,80,0,5,0.542,1,0,0,0,0,0,1,morning,morning,1,1,84,54,0,0
U016,R0370,C2,study,fixed,60,1,51,0,9,Fri,0,1,180,120,60,150,60,0,4,0.539,1,0,0,0,0,0,1,morning,morning,1,1,68,9,0,1
U016,R0370,C3,study,fixed,60,1,51,1,23,Mon,0,4,180,120,74,68,68,0,4,0.49,1,0,0,0,0,0,1,morning,night,0,1,2,4,1,0
U016,R0370,C4,study,fixed,60,1,51,1,18,Sat,1,2,150,90,215,146,146,0,4,0.342,1,0,0,0,0,0,1,morning,evening,0,1,88,20,1,0
U024,R0371,C1,meeting,semi_flexible,45,0,-1,0,19,Wed,0,5,45,0,226,163,163,0,0,0.049,0,0,0,0,0,0,1,evening,evening,1,0,0,0,1,0
U024,R0371,C2,meeting,semi_flexible,45,0,-1,0,14,Wed,0,5,45,0,150,116,116,0,4,0.451,0,0,0,0,0,0,1,evening,afternoon,0,0,0,0,1,1
U024,R0371,C3,meeting,semi_flexible,45,0,-1,0,22,Sun,1,2,45,0,240,190,190,0,0,0.0,0,0,0,0,0,0,1,evening,night,0,0,0,0,1,0
U024,R0371,C4,meeting,semi_flexible,45,0,-1,0,19,Sun,1,2,75,30,57,2,2,1,2,0.612,0,0,0,0,0,0,1,evening,evening,1,0,0,0,1,0
U040,R0372,C1,exercise,flexible,90,0,-1,0,19,Mon,0,0,105,15,161,0,0,1,7,0.92,0,0,0,0,0,0,1,evening,evening,1,0,0,0,1,0
U040,R0372,C2,exercise,flexible,90,0,-1,0,20,Sat,1,5,180,90,140,110,110,0,2,0.272,0,0,0,0,0,0,1,evening,evening,1,0,0,0,1,1
U040,R0372,C3,exercise,flexible,90,0,-1,0,12,Sat,1,5,105,15,6,48,6,1,8,1.0,0,0,0,0,0,0,1,evening,afternoon,0,0,0,0,1,0
U040,R0372,C4,exercise,flexible,90,0,-1,0,18,Fri,0,4,90,0,240,142,142,0,4,0.427,0,0,0,0,0,0,1,evening,evening,1,0,0,0,1,0
U025,R0373,C1,meeting,fixed,60,0,-1,0,22,Fri,0,1,75,15,196,96,96,0,2,0.246,0,0,0,0,0,0,1,evening,night,0,1,9,83,1,0
U025,R0373,C2,meeting,fixed,60,0,-1,0,11,Sun,1,3,120,60,187,205,187,0,2,0.118,0,0,0,0,0,0,1,evening,morning,0,1,39,19,1,1
U025,R0373,C3,meeting,fixed,60,0,-1,0,12,Sun,1,3,120,60,112,88,88,0,4,0.509,0,0,0,0,0,0,1,evening,afternoon,0,1,24,54,1,0
U025,R0373,C4,meeting,fixed,60,0,-1,0,20,Sat,1,2,180,120,56,160,56,0,6,0.709,0,0,0,0,0,0,1,evening,evening,1,1,0,68,1,0
U039,R0374,C1,hospital,semi_flexible,30,0,-1,0,15,Tue,0,0,90,60,146,157,146,0,1,0.231,0,0,0,0,0,0,1,morning,afternoon,0,1,74,36,1,0
U039,R0374,C2,hospital,semi_flexible,30,0,-1,0,8,Sat,1,4,60,30,181,137,137,0,0,0.061,0,0,0,0,0,0,1,morning,morning,1,1,80,8,1,0
U039,R0374,C3,hospital,semi_flexible,30,0,-1,0,14,Sun,1,5,60,30,220,149,149,0,2,0.23,0,0,0,0,0,0,1,morning,afternoon,0,1,84,42,1,0
U039,R0374,C4,hospital,semi_flexible,30,0,-1,0,17,Fri,0,3,150,120,159,100,100,0,4,0.529,0,0,0,0,0,0,1,morning,evening,0,1,53,22,1,1
U017,R0375,C1,chore,semi_flexible,30,0,-1,0,13,Sat,1,1,150,120,104,131,104,0,1,0.144,0,1,0,0,0,0,1,afternoon,afternoon,1,0,0,0,1,0
U017,R0375,C2,chore,semi_flexible,30,0,-1,0,16,Wed,0,5,30,0,139,108,108,0,4,0.406,0,1,0,0,0,0,1,afternoon,afternoon,1,0,0,0,1,1
U017,R0375,C3,chore,semi_flexible,30,0,-1,0,7,Sun,1,2,60,30,148,78,78,0,4,0.498,0,1,0,0,0,0,1,afternoon,morning,0,0,0,0,1,0
U017,R0375,C4,chore,semi_flexible,30,0,-1,0,7,Sat,1,1,45,15,127,215,127,0,1,0.193,0,1,0,0,0,0,1,afternoon,morning,0,0,0,0,1,0
U026,R0376,C1,meeting,flexible,90,0,-1,0,11,Mon,0,5,180,90,104,99,99,0,4,0.469,0,1,0,0,0,1,1,morning,morning,1,0,0,0,1,0
U026,R0376,C2,meeting,flexible,90,0,-1,0,8,Mon,0,5,180,90,152,107,107,0,0,0.188,0,1,0,0,0,1,1,morning,morning,1,0,0,0,1,1
U026,R0376,C3,meeting,flexible,90,0,-1,0,21,Sun,1,4,135,45,135,187,135,0,3,0.369,0,1,0,0,0,1,1,morning,night,0,0,0,0,1,0
U026,R0376,C4,meeting,flexible,90,0,-1,0,9,Sat,1,3,105,15,213,95,95,0,2,0.295,0,1,0,0,0,1,1,morning,morning,1,0,0,0,1,0
U009,R0377,C1,shopping,semi_flexible,45,0,-1,0,22,Thu,0,1,45,0,163,136,136,0,2,0.22,0,0,0,0,0,0,1,morning,night,0,1,40,11,1,0
U009,R0377,C2,shopping,semi_flexible,45,0,-1,0,17,Mon,0,5,165,120,145,199,145,0,3,0.267,0,0,0,0,0,0,1,morning,evening,0,1,2,70,1,1
U009,R0377,C3,shopping,semi_flexible,45,0,-1,0,8,Fri,0,2,45,0,87,219,87,0,3,0.424,0,0,0,0,0,0,1,morning,morning,1,1,74,39,1,0
U009,R0377,C4,shopping,semi_flexible,45,0,-1,0,10,Sun,1,4,165,120,171,56,56,0,4,0.616,0,0,0,0,0,0,1,morning,morning,1,1,4,51,0,0
U028,R0378,C1,study,flexible,60,1,87,0,22,Wed,0,2,75,15,157,84,84,0,5,0.515,0,1,0,0,0,0,1,morning,night,0,1,11,8,1,0
U028,R0378,C2,study,flexible,60,1,87,1,20,Fri,0,4,105,45,132,149,132,0,4,0.394,0,1,0,0,0,0,1,morning,evening,0,1,28,36,1,0
U028,R0378,C3,study,flexible,60,1,87,1,12,Sat,1,5,75,15,103,195,103,0,3,0.357,0,1,0,0,0,0,1,morning,afternoon,0,1,23,89,1,0
U028,R0378,C4,study,flexible,60,1,87,0,7,Tue,0,1,105,45,91,57,57,0,7,0.692,0,1,0,0,0,0,1,morning,morning,1,1,16,35,1,1
U028,R0379,C1,meeting,fixed,90,1,70,0,23,Wed,0,0,150,60,101,88,88,0,3,0.441,0,0,0,0,1,1,1,morning,night,0,1,20,74,1,1
U028,R0379,C2,meeting,fixed,90,1,70,1,9,Mon,0,5,90,0,78,51,51,0,5,0.553,0,0,0,0,1,1,1,morning,morning,1,1,84,3,0,0
U028,R0379,C3,meeting,fixed,90,1,70,0,16,Fri,0,2,135,45,47,126,47,0,5,0.563,0,0,0,0,1,1,1,morning,afternoon,0,1,38,62,0,0
U028,R0379,C4,meeting,fixed,90,1,70,1,17,Sun,1,4,120,30,23,171,23,0,3,0.587,0,0,0,0,1,1,1,morning,evening,0,1,22,21,0,0
U025,R0380,C1,study,flexible,90,1,83,0,17,Wed,0,0,135,45,70,231,70,0,3,0.47,0,1,0,0,0,0,1,evening,evening,1,1,1,4,1,0
U025,R0380,C2,study,flexible,90,1,83,0,23,Fri,0,2,150,60,157,185,157,0,3,0.207,0,1,0,0,0,0,1,evening,night,0,1,89,48,1,0
U025,R0380,C3,study,flexible,90,1,83,0,19,Wed,0,0,150,60,107,171,107,0,5,0.513,0,1,0,0,0,0,1,evening,evening,1,1,20,37,1,0
U025,R0380,C4,study,flexible,90,1,83,0,19,Wed,0,0,150,60,180,143,143,0,0,0.142,0,1,0,0,0,0,1,evening,evening,1,1,57,26,1,1
U021,R0381,C1,meeting,flexible,60,0,-1,0,19,Sun,1,1,90,30,101,158,101,0,3,0.408,1,1,1,0,0,0,1,evening,evening,1,1,0,34,1,1
U021,R0381,C2,meeting,flexible,60,0,-1,0,13,Mon,0,2,60,0,101,189,101,0,2,0.277,1,1,1,0,0,0,1,evening,afternoon,0,1,19,16,1,0
U021,R0381,C3,meeting,flexible,60,0,-1,0,22,Wed,0,4,105,45,0,65,0,1,8,0.997,1,1,1,0,0,0,1,evening,night,0,1,9,57,0,0
U021,R0381,C4,meeting,flexible,60,0,-1,0,19,Mon,0,2,90,30,97,1,1,1,5,0.806,1,1,1,0,0,0,1,evening,evening,1,1,68,0,0,0
U017,R0382,C1,personal_task,flexible,45,0,-1,0,14,Tue,0,1,45,0,136,0,0,1,8,0.956,0,0,0,0,0,0,1,afternoon,afternoon,1,0,0,0,1,0
U017,R0382,C2,personal_task,flexible,45,0,-1,0,15,Mon,0,0,135,90,107,103,103,0,4,0.532,0,0,0,0,0,0,1,afternoon,afternoon,1,0,0,0,1,0
U017,R0382,C3,personal_task,flexible,45,0,-1,0,16,Tue,0,1,45,0,141,111,111,0,2,0.276,0,0,0,0,0,0,1,afternoon,afternoon,1,0,0,0,1,0
U017,R0382,C4,personal_task,flexible,45,0,-1,0,15,Thu,0,3,165,120,118,81,81,0,2,0.346,0,0,0,0,0,0,1,afternoon,afternoon,1,0,0,0,1,1
U012,R0383,C1,chore,flexible,45,0,-1,0,13,Fri,0,5,105,60,127,0,0,1,8,0.953,0,0,0,1,0,0,1,night,afternoon,0,0,0,0,1,0
U012,R0383,C2,chore,flexible,45,0,-1,0,19,Tue,0,2,135,90,196,96,96,0,0,0.252,0,0,0,1,0,0,1,night,evening,0,0,0,0,1,0
U012,R0383,C3,chore,flexible,45,0,-1,0,22,Mon,0,1,105,60,145,187,145,0,2,0.203,0,0,0,1,0,0,1,night,night,1,0,0,0,1,0
U012,R0383,C4,chore,flexible,45,0,-1,0,23,Mon,0,1,90,45,187,181,181,0,6,0.352,0,0,0,1,0,0,1,night,night,1,0,0,0,1,1
U006,R0384,C1,chore,semi_flexible,30,0,-1,0,22,Thu,0,1,75,45,206,111,111,0,5,0.544,0,0,1,1,0,0,1,night,night,1,0,0,0,1,0
U006,R0384,C2,chore,semi_flexible,30,0,-1,0,9,Thu,0,1,120,90,200,240,200,0,2,0.134,0,0,1,1,0,0,1,night,morning,0,0,0,0,1,0
U006,R0384,C3,chore,semi_flexible,30,0,-1,0,7,Mon,0,5,120,90,68,134,68,0,6,0.616,0,0,1,1,0,0,1,night,morning,0,0,0,0,1,0
U006,R0384,C4,chore,semi_flexible,30,0,-1,0,22,Sat,1,3,180,150,192,178,178,0,1,0.117,0,0,1,1,0,0,1,night,night,1,0,0,0,1,1
U026,R0385,C1,study,semi_flexible,30,1,10,1,15,Wed,0,5,75,45,117,7,7,1,5,0.773,0,0,0,1,0,0,1,morning,afternoon,0,1,23,40,0,0
U026,R0385,C2,study,semi_flexible,30,1,10,1,11,Sun,1,2,75,45,170,152,152,0,2,0.286,0,0,0,1,0,0,1,morning,morning,1,1,69,87,1,0
U026,R0385,C3,study,semi_flexible,30,1,10,0,11,Fri,0,0,60,30,100,0,0,1,6,0.857,0,0,0,1,0,0,1,morning,morning,1,1,20,23,0,1
U026,R0385,C4,study,semi_flexible,30,1,10,1,7,Mon,0,3,75,45,77,139,77,0,1,0.248,0,0,0,1,0,0,1,morning,morning,1,1,6,38,1,0
U022,R0386,C1,chore,semi_flexible,60,1,25,0,12,Mon,0,1,60,0,48,82,48,0,3,0.394,0,0,0,0,0,0,1,afternoon,afternoon,1,1,12,9,1,0
U022,R0386,C2,chore,semi_flexible,60,1,25,1,18,Wed,0,3,105,45,133,160,133,0,2,0.249,0,0,0,0,0,0,1,afternoon,evening,0,1,42,51,1,0
U022,R0386,C3,chore,semi_flexible,60,1,25,0,12,Mon,0,1,120,60,159,181,159,0,2,0.161,0,0,0,0,0,0,1,afternoon,afternoon,1,1,87,39,1,0
U022,R0386,C4,chore,semi_flexible,60,1,25,0,10,Mon,0,1,180,120,115,178,115,0,1,0.17,0,0,0,0,0,0,1,afternoon,morning,0,1,87,77,1,1
U040,R0387,C1,study,fixed,60,1,89,0,20,Thu,0,3,150,90,0,6,0,1,8,0.975,0,0,0,0,0,0,1,evening,evening,1,0,0,0,1,0
U040,R0387,C2,study,fixed,60,1,89,0,17,Mon,0,0,180,120,68,80,68,0,7,0.744,0,0,0,0,0,0,1,evening,evening,1,0,0,0,1,1
U040,R0387,C3,study,fixed,60,1,89,1,21,Fri,0,4,75,15,135,166,135,0,2,0.236,0,0,0,0,0,0,1,evening,night,0,0,0,0,1,0
U040,R0387,C4,study,fixed,60,1,89,0,17,Wed,0,2,105,45,148,71,71,0,4,0.583,0,0,0,0,0,0,1,evening,evening,1,0,0,0,1,0
U018,R0388,C1,chore,fixed,30,0,-1,0,8,Mon,0,5,30,0,144,137,137,0,1,0.084,1,0,0,0,0,1,1,morning,morning,1,0,0,0,1,1
U018,R0388,C2,chore,fixed,30,0,-1,0,21,Wed,0,0,60,30,222,69,69,0,3,0.401,1,0,0,0,0,1,1,morning,night,0,0,0,0,1,0
U018,R0388,C3,chore,fixed,30,0,-1,0,8,Wed,0,0,75,45,93,0,0,1,6,0.85,1,0,0,0,0,1,1,morning,morning,1,0,0,0,1,0
U018,R0388,C4,chore,fixed,30,0,-1,0,7,Sun,1,4,30,0,109,0,0,1,5,0.794,1,0,0,0,0,1,1,morning,morning,1,0,0,0,1,0
U032,R0389,C1,study,flexible,30,1,100,0,23,Fri,0,1,150,120,27,109,27,0,2,0.478,1,0,0,0,0,1,1,night,night,1,0,0,0,1,0
U032,R0389,C2,study,flexible,30,1,100,0,18,Sun,1,3,120,90,71,186,71,0,3,0.424,1,0,0,0,0,1,1,night,evening,0,0,0,0,1,1
U032,R0389,C3,study,flexible,30,1,100,0,21,Sun,1,3,120,90,107,172,107,0,1,0.219,1,0,0,0,0,1,1,night,night,1,0,0,0,1,0
U032,R0389,C4,study,flexible,30,1,100,0,21,Sat,1,2,60,30,147,54,54,0,2,0.351,1,0,0,0,0,1,1,night,night,1,0,0,0,1,0
U029,R0390,C1,hospital,fixed,45,0,-1,0,12,Tue,0,3,45,0,93,48,48,0,5,0.612,1,0,0,0,0,1,0,morning,afternoon,0,1,17,32,1,0
U029,R0390,C2,hospital,fixed,45,0,-1,0,10,Wed,0,4,60,15,24,137,24,0,3,0.532,1,0,0,0,0,1,0,morning,morning,1,1,15,54,0,0
U029,R0390,C3,hospital,fixed,45,0,-1,0,7,Wed,0,4,90,45,0,55,0,1,8,1.0,1,0,0,0,0,1,0,morning,morning,1,1,1,61,0,0
U029,R0390,C4,hospital,fixed,45,0,-1,0,8,Tue,0,3,75,30,121,113,113,0,5,0.502,1,0,0,0,0,1,0,morning,morning,1,1,6,30,1,1
U002,R0391,C1,meeting,fixed,60,0,-1,0,15,Sat,1,3,120,60,118,60,60,0,5,0.616,0,0,0,0,0,0,1,afternoon,afternoon,1,0,0,0,1,0
U002,R0391,C2,meeting,fixed,60,0,-1,0,13,Mon,0,5,90,30,16,57,16,0,2,0.525,0,0,0,0,0,0,1,afternoon,afternoon,1,0,0,0,1,0
U002,R0391,C3,meeting,fixed,60,0,-1,0,14,Wed,0,0,120,60,152,240,152,0,1,0.149,0,0,0,0,0,0,1,afternoon,afternoon,1,0,0,0,1,1
U002,R0391,C4,meeting,fixed,60,0,-1,0,12,Fri,0,2,75,15,98,41,41,0,8,0.825,0,0,0,0,0,0,1,afternoon,afternoon,1,0,0,0,1,0
U009,R0392,C1,meeting,flexible,45,1,31,1,7,Sun,1,4,60,15,112,98,98,0,7,0.729,0,0,0,0,0,0,1,morning,morning,1,1,83,41,1,0
U009,R0392,C2,meeting,flexible,45,1,31,1,14,Sat,1,3,75,30,145,240,145,0,1,0.222,0,0,0,0,0,0,1,morning,afternoon,0,1,38,90,1,0
U009,R0392,C3,meeting,flexible,45,1,31,1,8,Fri,0,2,105,60,92,96,92,0,6,0.601,0,0,0,0,0,0,1,morning,morning,1,1,24,24,1,0
U009,R0392,C4,meeting,flexible,45,1,31,1,10,Fri,0,2,60,15,137,162,137,0,0,0.066,0,0,0,0,0,0,1,morning,morning,1,1,83,20,1,1
U004,R0393,C1,shopping,flexible,60,0,-1,0,20,Mon,0,0,180,120,161,165,161,0,4,0.284,0,0,0,0,0,0,1,evening,evening,1,1,9,87,1,1
U004,R0393,C2,shopping,flexible,60,0,-1,0,17,Mon,0,0,60,0,73,0,0,1,7,0.933,0,0,0,0,0,0,1,evening,evening,1,1,74,84,0,0
U004,R0393,C3,shopping,flexible,60,0,-1,0,12,Wed,0,2,150,90,145,173,145,0,2,0.166,0,0,0,0,0,0,1,evening,afternoon,0,1,47,40,1,0
U004,R0393,C4,shopping,flexible,60,0,-1,0,18,Fri,0,4,60,0,64,9,9,1,6,0.844,0,0,0,0,0,0,1,evening,evening,1,1,25,77,0,0
U018,R0394,C1,meeting,semi_flexible,90,1,35,1,9,Sat,1,5,150,60,57,48,48,0,7,0.764,0,0,0,0,0,0,1,morning,morning,1,1,26,7,1,0
U018,R0394,C2,meeting,semi_flexible,90,1,35,1,16,Fri,0,4,180,90,190,147,147,0,4,0.276,0,0,0,0,0,0,1,morning,afternoon,0,1,12,10,1,0
U018,R0394,C3,meeting,semi_flexible,90,1,35,0,18,Mon,0,0,105,15,201,167,167,0,3,0.245,0,0,0,0,0,0,1,morning,evening,0,1,28,6,1,1
U018,R0394,C4,meeting,semi_flexible,90,1,35,1,11,Sat,1,5,150,60,0,80,0,1,5,0.799,0,0,0,0,0,0,1,morning,morning,1,1,62,36,0,0
U030,R0395,C1,shopping,semi_flexible,30,0,-1,0,19,Mon,0,0,120,90,47,223,47,0,2,0.47,0,1,0,0,0,0,1,evening,evening,1,1,89,49,0,0
U030,R0395,C2,shopping,semi_flexible,30,0,-1,0,19,Mon,0,0,150,120,164,159,159,0,3,0.293,0,1,0,0,0,0,1,evening,evening,1,1,73,46,1,0
U030,R0395,C3,shopping,semi_flexible,30,0,-1,0,19,Mon,0,0,150,120,192,59,59,0,4,0.517,0,1,0,0,0,0,1,evening,evening,1,1,47,37,1,1
U030,R0395,C4,shopping,semi_flexible,30,0,-1,0,18,Sat,1,5,45,15,108,117,108,0,4,0.455,0,1,0,0,0,0,1,evening,evening,1,1,54,60,1,0
U020,R0396,C1,chore,flexible,60,0,-1,0,18,Tue,0,2,120,60,158,119,119,0,1,0.153,0,1,0,0,0,0,1,evening,evening,1,0,0,0,1,1
U020,R0396,C2,chore,flexible,60,0,-1,0,18,Sun,1,0,60,0,174,95,95,0,1,0.255,0,1,0,0,0,0,1,evening,evening,1,0,0,0,1,0
U020,R0396,C3,chore,flexible,60,0,-1,0,20,Tue,0,2,75,15,235,53,53,0,5,0.611,0,1,0,0,0,0,1,evening,evening,1,0,0,0,1,0
U020,R0396,C4,chore,flexible,60,0,-1,0,17,Mon,0,1,180,120,151,91,91,0,4,0.449,0,1,0,0,0,0,1,evening,evening,1,0,0,0,1,0
U014,R0397,C1,personal_task,flexible,90,1,9,1,10,Mon,0,5,90,0,171,140,140,0,0,0.085,0,1,0,0,0,0,1,evening,morning,0,0,0,0,1,0
U014,R0397,C2,personal_task,flexible,90,1,9,1,19,Sun,1,4,180,90,112,177,112,0,2,0.295,0,1,0,0,0,0,1,evening,evening,1,0,0,0,1,0
U014,R0397,C3,personal_task,flexible,90,1,9,1,18,Fri,0,2,150,60,135,182,135,0,1,0.186,0,1,0,0,0,0,1,evening,evening,1,0,0,0,1,1
U014,R0397,C4,personal_task,flexible,90,1,9,1,20,Mon,0,5,180,90,83,184,83,0,4,0.413,0,1,0,0,0,0,1,evening,evening,1,0,0,0,1,0
U029,R0398,C1,shopping,flexible,45,0,-1,0,19,Tue,0,1,45,0,84,81,81,0,4,0.487,0,0,0,0,0,0,1,morning,evening,0,1,90,85,0,0
U029,R0398,C2,shopping,flexible,45,0,-1,0,7,Sat,1,5,105,60,89,64,64,0,2,0.365,0,0,0,0,0,0,1,morning,morning,1,1,82,12,0,0
U029,R0398,C3,shopping,flexible,45,0,-1,0,8,Mon,0,0,105,60,166,151,151,0,3,0.278,0,0,0,0,0,0,1,morning,morning,1,1,22,61,1,0
U029,R0398,C4,shopping,flexible,45,0,-1,0,14,Sat,1,5,60,15,82,134,82,0,7,0.67,0,0,0,0,0,0,1,morning,afternoon,0,1,63,11,1,1
U022,R0399,C1,hospital,fixed,45,1,102,0,11,Mon,0,4,45,0,112,21,21,0,5,0.659,0,0,0,1,0,1,1,afternoon,morning,0,0,0,0,1,0
U022,R0399,C2,hospital,fixed,45,1,102,0,22,Fri,0,1,135,90,240,97,97,0,0,0.123,0,0,0,1,0,1,1,afternoon,night,0,0,0,0,1,0
U022,R0399,C3,hospital,fixed,45,1,102,1,16,Tue,0,5,45,0,81,96,81,0,3,0.379,0,0,0,1,0,1,1,afternoon,afternoon,1,0,0,0,1,0
U022,R0399,C4,hospital,fixed,45,1,102,0,13,Sun,1,3,60,15,202,91,91,0,3,0.373,0,0,0,1,0,1,1,afternoon,afternoon,1,0,0,0,1,1
U015,R0400,C1,shopping,semi_flexible,45,0,-1,0,21,Mon,0,0,165,120,86,108,86,0,2,0.299,0,1,0,0,0,0,1,afternoon,night,0,1,39,86,1,1
U015,R0400,C2,shopping,semi_flexible,45,0,-1,0,15,Mon,0,0,75,30,56,146,56,0,4,0.546,0,1,0,0,0,0,1,afternoon,afternoon,1,1,76,26,0,0
U015,R0400,C3,shopping,semi_flexible,45,0,-1,0,15,Wed,0,2,45,0,174,31,31,0,6,0.718,0,1,0,0,0,0,1,afternoon,afternoon,1,1,89,26,0,0
U015,R0400,C4,shopping,semi_flexible,45,0,-1,0,21,Sat,1,5,60,15,55,29,29,0,3,0.55,0,1,0,0,0,0,1,afternoon,night,0,1,49,5,0,0
